종목명,과목명,과목순서,교시번호,문항수,수험시간_분,등록일
중식조리산업기사,식품학,2,1,20,30,20/08/07
중식조리산업기사,식품위생 및 관련법규,1,1,20,30,20/08/07
중식조리산업기사,공중보건학,4,1,20,30,20/08/07
아스팔트피니셔운전기능사,과목없음,1,1,60,60,14/09/24
금속재료기사,표면공학,5,1,20,30,14/09/24
금속재료기사,야금공학,3,1,20,30,14/09/24
금속재료기사,금속조직학,1,1,20,30,14/09/24
금속재료기사,금속재료학,2,1,20,30,14/09/24
금속재료기사,금속가공학,4,1,20,30,14/09/24
전자계산기제어산업기사,디지털공학,2,1,20,30,20/08/07
전자계산기제어산업기사,전자회로,1,1,20,30,20/08/07
전자계산기제어산업기사,프로그래밍언어,4,1,20,30,20/08/07
전자계산기제어산업기사,마이크로프로세서,3,1,20,30,20/08/07
컴퓨터응용선반기능사,과목없음,1,1,60,60,14/09/24
컴퓨터응용밀링기능사,과목없음,1,1,60,60,14/09/24
철도차량정비기능사,과목없음,1,1,60,60,14/09/24
압연기능사,과목없음,1,1,60,60,14/09/24
용접기능사,과목없음,1,1,60,60,14/09/24
어업생산관리기사,수산자원학 및 어업관리학,3,1,20,30,14/09/24
어업생산관리기사,어업어장정보론,4,1,20,30,14/09/24
어업생산관리기사,해양수산법규,5,1,20,30,14/09/24
어업생산관리기사,어법학,2,1,20,30,14/09/24
어업생산관리기사,어구학,1,1,20,30,14/09/24
에너지관리기사,열역학,2,1,20,30,14/09/24
에너지관리기사,열설비재료및관계법규,4,1,20,30,14/09/24
에너지관리기사,열설비설계,5,1,20,30,14/09/24
에너지관리기사,연소공학,1,1,20,30,14/09/24
에너지관리기사,계측방법,3,1,20,30,14/09/24
에너지관리산업기사,열설비 취급 및 안전관리,4,1,20,30,20/08/07
에너지관리산업기사,열설비 구조 및 시공,3,1,20,30,20/08/07
에너지관리산업기사,계측 및 에너지 진단,2,1,20,30,20/08/07
에너지관리산업기사,열역학 및 연소관리,1,1,20,30,20/08/07
화훼장식기사,화훼재료 및 형태학,1,1,20,30,14/09/24
화훼장식기사,화훼유통 및 경영론,5,1,20,30,14/09/24
화훼장식기사,화훼품질유지 및 관리론,2,1,20,30,14/09/24
화훼장식기사,화훼장식학,3,1,20,30,14/09/24
화훼장식기사,화훼장식디자인 및 제작론,4,1,20,30,14/09/24
스포츠경영관리사,스포츠시설론,4,1,25,150,14/09/24
스포츠경영관리사,스포츠마케팅론,3,1,25,150,14/09/24
스포츠경영관리사,스포츠산업론,1,1,25,150,14/09/24
스포츠경영관리사,스포츠경영론,2,1,25,150,14/09/24
위험물산업기사,화재예방과소화방법,2,1,20,30,20/08/07
위험물산업기사,일반화학,1,1,20,30,20/08/07
위험물산업기사,위험물의성질과취급,3,1,20,30,20/08/07
위험물기능장,과목없음,1,1,60,60,18/01/12
광해방지기사,환경지구화학,4,1,20,30,14/09/24
광해방지기사,오염탐지공학,3,1,20,30,14/09/24
광해방지기사,사면 및 굴착공학,2,1,20,30,14/09/24
광해방지기사,광산환경일반,1,1,20,30,14/09/24
유기농업기능사,과목없음,1,1,60,60,14/09/24
공기압축기운전기능사,과목없음,1,1,60,60,14/09/24
자동차정비기사,자동차새시,4,1,20,30,14/09/24
자동차정비기사,일반기계공학,1,1,20,30,14/09/24
자동차정비기사,자동차전기,5,1,20,30,14/09/24
자동차정비기사,자동차기관,3,1,20,30,14/09/24
자동차정비기사,기계열역학,2,1,20,30,14/09/24
게임기획전문가,게임시스템및연출,4,1,25,150,14/09/24
게임기획전문가,게임디자인,3,1,25,150,14/09/24
게임기획전문가,게임시나리오분석,2,1,25,150,14/09/24
게임기획전문가,게임제작개론,1,1,25,150,14/09/24
생산자동화기능사,과목없음,1,1,60,60,14/09/24
패션머천다이징산업기사,패션정보분석,1,1,20,30,20/08/07
항로표지기사,전파표지및시스템이용,4,1,20,30,14/09/24
항로표지기사,"광파,음파표지",3,1,20,30,14/09/24
항로표지기사,"전기,전자기초",2,1,20,30,14/09/24
항로표지기사,항로표지일반,1,1,20,30,14/09/24
항로표지산업기사,전파표지및시스템이용,4,1,20,30,20/08/07
항로표지산업기사,"광파,음파표지",3,1,20,30,20/08/07
항로표지산업기사,"전기,전자기초",2,1,20,30,20/08/07
항로표지산업기사,항로표지일반,1,1,20,30,20/08/07
항로표지기능사,과목없음,1,1,60,60,14/09/24
컬러리스트기사,색채체계론,5,1,20,30,14/09/24
컬러리스트기사,색채지각론,4,1,20,30,14/09/24
컬러리스트기사,색채관리,3,1,20,30,14/09/24
컬러리스트기사,색채디자인,2,1,20,30,14/09/24
컬러리스트기사,색채심리.마케팅,1,1,20,30,14/09/24
천장크레인운전기능사,과목없음,1,1,60,60,14/09/24
유기농업기사,유기농업관련 규정,5,1,20,30,14/09/24
유기농업기사,유기식품 가공 유통론,4,1,20,30,14/09/24
유기농업기사,유기농업개론,3,1,20,30,14/09/24
유기농업기사,토양비옥도 및 관리,2,1,20,30,14/09/24
유기농업기사,재배원론,1,1,20,30,14/09/24
유기농업산업기사,유기식품 가공 유통론,4,1,20,30,20/08/07
유기농업산업기사,유기농업개론,3,1,20,30,20/08/07
유기농업산업기사,토양비옥도 및 관리,2,1,20,30,20/08/07
유기농업산업기사,재배원론,1,1,20,30,20/08/07
생물분류기사(식물),자연환경관계법규,5,1,20,30,14/09/24
생물분류기사(식물),보전 및 자원생물학,4,1,20,30,14/09/24
생물분류기사(식물),형태학,3,1,20,30,14/09/24
생물분류기사(식물),환경생태학,2,1,20,30,14/09/24
생물분류기사(식물),계통분류학,1,1,20,30,14/09/24
생물분류기사(동물),자연환경관계법규,5,1,20,30,14/09/24
생물분류기사(동물),보전 및 자원생물학,4,1,20,30,14/09/24
생물분류기사(동물),형태학,3,1,20,30,14/09/24
생물분류기사(동물),환경생태학,2,1,20,30,14/09/24
생물분류기사(동물),계통분류학,1,1,20,30,14/09/24
인간공학기사,근골격계질환예방을 위한 작업관리,4,1,20,30,14/09/24
인간공학기사,산업심리학 및 관련법규,3,1,20,30,14/09/24
인간공학기사,작업생리학,2,1,20,30,14/09/24
인간공학기사,인간공학 개론,1,1,20,30,14/09/24
항공기사,항공제어공학,5,1,20,30,14/09/24
항공기사,항공장비,4,1,20,30,14/09/24
항공기사,항공역학,1,1,20,30,14/09/24
항공기사,항공기동력장치,2,1,20,30,14/09/24
항공기사,항공기구조,3,1,20,30,14/09/24
토목기사,수리학및수문학,3,1,20,30,14/09/24
토목기사,측량학,2,1,20,30,14/09/24
토목기사,토질및기초,5,1,20,30,14/09/24
토목기사,철근콘크리트및강구조,4,1,20,30,14/09/24
토목기사,상하수도공학,6,1,20,30,14/09/24
토목기사,응용역학,1,1,20,30,14/09/24
쇄석기운전기능사,과목없음,1,1,60,60,14/09/24
섬유화학기사,섬유시험법,5,1,20,30,14/09/24
섬유화학기사,염색 및 가공학,4,1,20,30,14/09/24
섬유화학기사,합성섬유학,3,1,20,30,14/09/24
섬유화학기사,방적 및 제직학,2,1,20,30,14/09/24
섬유화학기사,섬유재료학,1,1,20,30,14/09/24
자동차보수도장기능사,과목없음,1,1,60,60,14/09/24
설비보전기사,공유압 및 자동화,5,1,20,30,14/09/24
설비보전기사,윤활관리,4,1,20,30,14/09/24
설비보전기사,기계일반 및 기계보전,3,1,20,30,14/09/24
설비보전기사,설비관리,2,1,20,30,14/09/24
설비보전기사,설비진단 및 계측,1,1,20,30,14/09/24
설비보전기능사,과목없음,1,1,60,60,14/09/24
전자부품장착산업기사,공기압,3,1,20,30,20/08/07
전자부품장착산업기사,솔더링공학,2,1,20,30,20/08/07
전자부품장착산업기사,SMT공학,1,1,20,30,20/08/07
전자부품장착(SMT)기능사,과목없음,1,1,60,60,14/09/24
화학분석기사,기기분석II,4,1,20,30,14/09/24
화학분석기사,기기분석I,3,1,20,30,14/09/24
화학분석기사,분석화학,2,1,20,30,14/09/24
화학분석기사,일반화학,1,1,20,30,14/09/24
타워크레인운전기능사,과목없음,1,1,60,60,14/09/24
컨벤션기획사2급,컨벤션영어,3,1,30,50,14/09/24
컨벤션기획사2급,호텔.관광실무론,2,1,30,50,14/09/24
컨벤션기획사2급,컨벤션산업론,1,1,40,50,14/09/24
기계설계기사,기구학 및 CAD,4,1,20,30,14/09/24
기계설계기사,기계설계 및 기계재료,3,1,20,30,14/09/24
기계설계기사,재료역학,1,1,20,30,14/09/24
기계설계기사,기계제작법,2,1,20,30,14/09/24
직업상담사1급,고급직업정보론,3,1,20,30,14/09/24
직업상담사1급,고급직업심리학,2,1,20,30,14/09/24
직업상담사1급,고급직업상담학,1,1,20,30,14/09/24
직업상담사1급,노동시장론,4,1,20,30,14/09/24
직업상담사1급,노동관계법규,5,1,20,30,14/09/24
품질경영기사,통계적품질관리,2,1,20,30,14/09/24
품질경영기사,품질경영,5,1,20,30,14/09/24
품질경영기사,신뢰성관리,4,1,20,30,14/09/24
품질경영기사,생산시스템,3,1,20,30,14/09/24
품질경영기사,실험계획법,1,1,20,30,14/09/24
의료전자기능사,과목없음,1,1,60,60,14/09/24
의공산업기사,의료안전·법규및정보,3,1,20,30,20/08/07
의공산업기사,의료기기,4,1,20,30,20/08/07
의공산업기사,의용기계공학,5,1,20,30,20/08/07
의공산업기사,의용전자공학,2,1,20,30,20/08/07
의공산업기사,기초의학및의공학,1,1,20,30,20/08/07
미용사(일반),과목없음,1,1,60,60,14/09/24
미용사(피부),과목없음,1,1,60,60,14/09/24
전기철도산업기사,전기철도구조물공학,4,1,20,30,20/08/07
전기철도산업기사,전기철도공학,3,1,20,30,20/08/07
전기철도산업기사,전력공학,2,1,20,30,20/08/07
전기철도산업기사,전기자기학,1,1,20,30,20/08/07
산림기사,산림보호학,2,1,20,30,14/09/24
산림기사,사방공학,5,1,20,30,14/09/24
산림기사,임업경영학,3,1,20,30,14/09/24
산림기사,임도공학,4,1,20,30,14/09/24
산림기사,조림학,1,1,20,30,14/09/24
판금제관산업기사,기계제도및용접일반,3,1,20,30,20/08/07
판금제관산업기사,판금제관공작법,2,1,20,30,20/08/07
판금제관산업기사,"판금제관재료,공구및기계",1,1,20,30,20/08/07
컴퓨터응용가공산업기사,기계제도및CNC공작법,4,1,20,30,20/08/07
컴퓨터응용가공산업기사,컴퓨터응용가공,3,1,20,30,20/08/07
컴퓨터응용가공산업기사,기계가공법 및 안전관리,1,1,20,30,20/08/07
컴퓨터응용가공산업기사,기계설계및기계재료,2,1,20,30,20/08/07
화공산업기사,화학공업양론,1,1,20,30,14/09/24
화공산업기사,공업화학개론,2,1,20,30,14/09/24
화공산업기사,분석화학 및 기기분석,4,1,20,30,14/09/24
화공산업기사,단위조작,3,1,20,30,14/09/24
품질경영산업기사,품질경영,4,1,20,30,20/08/07
품질경영산업기사,생산시스템,3,1,20,30,20/08/07
품질경영산업기사,통계적품질관리,2,1,20,30,20/08/07
품질경영산업기사,실험계획법,1,1,20,30,20/08/07
제품응용모델링기능사,과목없음,1,1,60,60,14/09/24
전자출판기능사,과목없음,1,1,60,60,14/09/24
소비자전문상담사2급,소비자와시장,4,1,25,35,14/09/24
소비자전문상담사2급,소비자교육및정보제공,3,1,25,40,14/09/24
소비자전문상담사2급,소비자관련법,2,1,25,35,14/09/24
소비자전문상담사2급,소비자상담및피해구제,1,1,25,40,14/09/24
전기기능장,과목없음,1,1,60,60,18/01/12
배관기능사,과목없음,1,1,60,60,14/09/24
표면처리기능사,과목없음,1,1,60,60,14/09/24
식품가공기능사,과목없음,1,1,60,60,14/09/24
전기기능사,과목없음,1,1,60,60,14/09/24
원예기능사,과목없음,1,1,60,60,14/09/24
철도운송산업기사,열차운전,3,1,20,30,20/08/07
철도운송산업기사,여객운송,1,1,20,30,20/08/07
철도운송산업기사,화물운송,2,1,20,30,20/08/07
전파통신기사,통신영어및교통지리,4,1,20,30,14/09/24
전파통신기사,전파관계법규,5,1,20,30,14/09/24
전파통신기사,무선통신기기,2,1,20,30,14/09/24
전파통신기사,디지탈전자회로,1,1,20,30,14/09/24
전파통신기사,안테나공학,3,1,20,30,14/09/24
전파전자기사,통신영어및교통지리,4,1,20,30,14/09/24
전파전자기사,전파관계법규,5,1,20,30,14/09/24
전파전자기사,무선통신기기,2,1,20,30,14/09/24
전파전자기사,디지탈전자회로,1,1,20,30,14/09/24
전파전자기사,안테나공학,3,1,20,30,14/09/24
정보통신기사,정보통신시스템,2,1,20,30,14/09/24
정보통신기사,정보통신기기,3,1,20,30,14/09/24
정보통신기사,정보전송공학,4,1,20,30,14/09/24
정보통신기사,전자계산기일반및정보설비기준,5,1,20,30,14/09/24
정보통신기사,디지탈전자회로,1,1,20,30,14/09/24
무선설비기사,전자계산기일반및무선설비기준,5,1,20,30,14/09/24
무선설비기사,무선통신시스템,4,1,20,30,14/09/24
무선설비기사,무선통신기기,2,1,20,30,14/09/24
무선설비기사,디지탈전자회로,1,1,20,30,14/09/24
무선설비기사,안테나공학,3,1,20,30,14/09/24
전기기사,전기설비기술기준 및 판단기준,5,1,20,30,14/09/24
전기기사,전력공학,2,1,20,30,14/09/24
전기기사,전기자기학,1,1,20,30,14/09/24
전기기사,전기기기,3,1,20,30,14/09/24
전기기사,회로이론및제어공학,4,1,20,30,14/09/24
전기공사기사,전기설비기술기준 및 판단기준,5,1,20,30,14/09/24
전기공사기사,전력공학,2,1,20,30,14/09/24
전기공사기사,전기응용및공사재료,1,1,20,30,14/09/24
전기공사기사,전기기기,3,1,20,30,14/09/24
전기공사기사,회로이론및제어공학,4,1,20,30,14/09/24
전자기사,물리전자공학,4,1,20,30,14/09/24
전자기사,전자회로,3,1,20,30,14/09/24
전자기사,전자계산기일반,5,1,20,30,14/09/24
전자기사,전기자기학,1,1,20,30,14/09/24
전자기사,회로이론,2,1,20,30,14/09/24
화공기사,단위조작 및 화학공업양론,2,1,20,30,14/09/24
화공기사,반응공학,5,1,20,30,14/09/24
화공기사,공업화학,4,1,20,30,14/09/24
화공기사,화공열역학,1,1,20,30,14/09/24
화공기사,공정제어,3,1,20,30,14/09/24
화약류제조기사,단위조작 및 화학공업양론,1,1,20,30,14/09/24
화약류제조기사,화약류단속관계법규,4,1,20,30,14/09/24
화약류제조기사,화공열역학,5,1,20,30,14/09/24
화약류제조기사,일반화약학,3,1,20,30,14/09/24
화약류제조기사,공업화학,2,1,20,30,14/09/24
전자캐드기능사,과목없음,1,1,60,60,14/09/24
수산양식기사,무척추동물양식학,2,1,20,30,14/09/24
수산양식기사,양식장환경,4,1,20,30,14/09/24
수산양식기사,어류양식학,1,1,20,30,14/09/24
수산양식기사,해조류양식학,3,1,20,30,14/09/24
수산양식기사,수산질병학,5,1,20,30,14/09/24
와전류비파괴검사기사,와전류탐상검사 규격,4,1,20,30,14/09/24
와전류비파괴검사기사,와전류탐상검사 시험,3,1,20,30,14/09/24
와전류비파괴검사기사,와전류탐상검사 원리,2,1,20,30,14/09/24
와전류비파괴검사기사,비파괴검사개론,1,1,20,30,14/09/24
수질환경기사,수질오염공정시험기준,4,1,20,30,14/09/24
수질환경기사,상하수도계획,2,1,20,30,14/09/24
수질환경기사,수질환경관계법규,5,1,20,30,14/09/24
수질환경기사,수질오염방지기술,3,1,20,30,14/09/24
수질환경기사,수질오염개론,1,1,20,30,14/09/24
소음진동기사,소음진동공정시험기준,3,1,20,30,14/09/24
소음진동기사,진동방지기술,4,1,20,30,14/09/24
소음진동기사,소음진동관계법규,5,1,20,30,14/09/24
소음진동기사,소음진동개론,1,1,20,30,14/09/24
소음진동기사,소음방지기술,2,1,20,30,14/09/24
누설비파괴검사기사,누설검사 규격,4,1,20,30,14/09/24
누설비파괴검사기사,누설검사 시험,3,1,20,30,14/09/24
누설비파괴검사기사,누설검사 원리,2,1,20,30,14/09/24
누설비파괴검사기사,비파괴검사개론,1,1,20,30,14/09/24
기상기사,기후학,4,1,20,30,14/09/24
기상기사,일기분석및예보론,5,1,20,30,14/09/24
기상기사,기상관측법,1,1,20,30,14/09/24
기상기사,대기열역학,2,1,20,30,14/09/24
기상기사,대기운동학,3,1,20,30,14/09/24
의류기사,피복환경학,2,1,20,30,14/09/24
의류기사,피복재료학,1,1,20,30,14/09/24
의류기사,피복설계학,3,1,20,30,14/09/24
의류기사,봉재과학,4,1,20,30,14/09/24
의류기사,섬유제품시험법및품질관리,5,1,20,30,14/09/24
소방설비기사(전기분야),소방전기 일반,2,1,20,30,14/09/24
소방설비기사(전기분야),소방원론,1,1,20,30,14/09/24
소방설비기사(전기분야),소방관계법규,3,1,20,30,14/09/24
소방설비기사(전기분야),소방전기시설의구조및원리,4,1,20,30,14/09/24
자기비파괴검사기사,자기탐상검사 규격,4,1,20,30,14/09/24
자기비파괴검사기사,자기탐상검사 시험,3,1,20,30,14/09/24
자기비파괴검사기사,자기탐상검사 원리,2,1,20,30,14/09/24
자기비파괴검사기사,비파괴검사개론,1,1,20,30,14/09/24
식물보호기사,재배학원론,3,1,20,30,14/09/24
식물보호기사,잡초방제학,5,1,20,30,14/09/24
식물보호기사,식물병리학,1,1,20,30,14/09/24
식물보호기사,농약학,4,1,20,30,14/09/24
식물보호기사,농림해충학,2,1,20,30,14/09/24
임업종묘기사,토양학및비료학,4,1,20,30,14/09/24
임업종묘기사,산림보호학,3,1,20,30,14/09/24
임업종묘기사,임목육종학,2,1,20,30,14/09/24
임업종묘기사,조림학,1,1,20,30,14/09/24
조적산업기사,건축일반,1,1,20,30,14/09/24
조적산업기사,조적시공및재료,2,1,20,30,14/09/24
조적산업기사,안전관리,3,1,20,30,14/09/24
건축목공산업기사,목공작업및재료,2,1,20,30,20/08/07
건축목공산업기사,건축일반,1,1,20,30,20/08/07
건축목공산업기사,안전관리,3,1,20,30,20/08/07
대기환경산업기사,대기오염공정시험기준(방법),2,1,20,30,20/08/07
대기환경산업기사,대기오염개론,1,1,20,30,20/08/07
대기환경산업기사,대기환경관계법규,4,1,20,30,20/08/07
대기환경산업기사,대기오염방지기술,3,1,20,30,20/08/07
수질환경산업기사,수질오염공정시험기준,3,1,20,30,20/08/07
수질환경산업기사,수질환경관계법규,4,1,20,30,20/08/07
수질환경산업기사,수질오염방지기술,2,1,20,30,20/08/07
수질환경산업기사,수질오염개론,1,1,20,30,20/08/07
무선설비산업기사,전자계산기일반및무선설비기준,4,1,20,30,14/09/24
무선설비산업기사,무선통신기기,2,1,20,30,14/09/24
무선설비산업기사,디지탈전자회로,1,1,20,30,14/09/24
무선설비산업기사,안테나개론,3,1,20,30,14/09/24
조선산업기사,선박건조학 및 선박동력장치,4,1,20,30,20/08/07
조선산업기사,조선공학일반,1,1,20,30,20/08/07
조선산업기사,조선유체역학및재료역학,2,1,20,30,20/08/07
조선산업기사,선체구조학,3,1,20,30,20/08/07
식물보호산업기사,잡초방제학,4,1,20,30,20/08/07
식물보호산업기사,식물병리학,1,1,20,30,20/08/07
식물보호산업기사,농약학,3,1,20,30,20/08/07
식물보호산업기사,농림해충학,2,1,20,30,20/08/07
수산양식산업기사,해조류양식,3,1,20,30,20/08/07
수산양식산업기사,무척추동물양식,2,1,20,30,20/08/07
수산양식산업기사,어류양식,1,1,20,30,20/08/07
수산양식산업기사,수질분석및양식생물질병,5,1,20,30,20/08/07
수산양식산업기사,수산생물,4,1,20,30,20/08/07
전파전자산업기사,통신영어및교통지리,4,1,20,30,14/09/24
전파전자산업기사,전파관계법규,5,1,20,30,14/09/24
전파전자산업기사,무선통신기기,2,1,20,30,14/09/24
전파전자산업기사,디지탈전자회로,1,1,20,30,14/09/24
전파전자산업기사,안테나개론,3,1,20,30,14/09/24
정보통신산업기사,정보통신기기,2,1,20,30,14/09/24
정보통신산업기사,정보전송개론,3,1,20,30,14/09/24
정보통신산업기사,전자계산기일반및정보설비기준,4,1,20,30,14/09/24
정보통신산업기사,디지탈전자회로,1,1,20,30,14/09/24
잠수산업기사,잠수장비,3,1,20,30,20/08/07
잠수산업기사,잠수작업,4,1,20,30,20/08/07
잠수산업기사,잠수의학및생리학,2,1,20,30,20/08/07
잠수산업기사,잠수물리및해양학,1,1,20,30,20/08/07
건축산업기사,건축구조,3,1,20,30,20/08/07
건축산업기사,건축관계법규,5,1,20,30,20/08/07
건축산업기사,건축계획,1,1,20,30,20/08/07
건축산업기사,건축시공,2,1,20,30,20/08/07
건축산업기사,건축설비,4,1,20,30,20/08/07
건축설비산업기사,공기조화설비,3,1,20,30,20/08/07
건축설비산업기사,건축일반,1,1,20,30,20/08/07
건축설비산업기사,건축설비관계법규,4,1,20,30,20/08/07
건축설비산업기사,위생설비,2,1,20,30,20/08/07
임업종묘산업기사,토양학및비료학,4,1,20,30,14/09/24
임업종묘산업기사,산림보호학,3,1,20,30,14/09/24
임업종묘산업기사,임목육종학,1,1,20,30,14/09/24
임업종묘산업기사,조림학,2,1,20,30,14/09/24
방송통신산업기사,방송통신기기,2,1,20,30,14/09/24
방송통신산업기사,방송미디어개론,3,1,20,30,14/09/24
방송통신산업기사,전자계산기일반및방송설비기준,4,1,20,30,14/09/24
방송통신산업기사,디지탈전자회로,1,1,20,30,14/09/24
전기공사산업기사,전기설비기술기준 및 판단기준,5,1,20,30,20/08/07
전기공사산업기사,전력공학,2,1,20,30,20/08/07
전기공사산업기사,전기응용,1,1,20,30,20/08/07
전기공사산업기사,전기기기,3,1,20,30,20/08/07
전기공사산업기사,회로이론,4,1,20,30,20/08/07
산림산업기사,산림보호학,2,1,20,30,20/08/07
산림산업기사,임업경영학,3,1,20,30,20/08/07
산림산업기사,산림공학,4,1,20,30,20/08/07
산림산업기사,조림학,1,1,20,30,20/08/07
축산산업기사,축산경영학,3,1,20,30,20/08/07
축산산업기사,사료작물학,4,1,20,30,20/08/07
축산산업기사,가축사양학,2,1,20,30,20/08/07
축산산업기사,가축번식육종학,1,1,20,30,20/08/07
임산가공산업기사,펄프제지학,3,1,20,30,20/08/07
임산가공산업기사,임산제조학,4,1,20,30,20/08/07
임산가공산업기사,목재화학,2,1,20,30,20/08/07
임산가공산업기사,목재이학,1,1,20,30,20/08/07
식품산업기사,식품제조공정,5,1,20,30,20/08/07
식품산업기사,식품화학,2,1,20,30,20/08/07
식품산업기사,식품위생학,1,1,20,30,20/08/07
식품산업기사,식품미생물학,4,1,20,30,20/08/07
식품산업기사,식품가공학,3,1,20,30,20/08/07
철도신호산업기사,신호공학,3,1,20,30,20/08/07
철도신호산업기사,전자공학,1,1,20,30,20/08/07
철도신호산업기사,회로이론,4,1,20,30,20/08/07
철도신호산업기사,신호기기,2,1,20,30,20/08/07
전자산업기사,전자회로,1,1,20,30,20/08/07
전자산업기사,전자계측,4,1,20,30,20/08/07
전자산업기사,전자기학및회로이론,2,1,20,30,20/08/07
전자산업기사,전자계산기일반,3,1,20,30,20/08/07
제강기능장,과목없음,1,1,60,60,18/01/12
압연기능장,과목없음,1,1,60,60,18/01/12
피아노조율산업기사,음향학및정음,2,1,20,30,20/08/07
피아노조율산업기사,피아노조정및수리,3,1,20,30,20/08/07
피아노조율산업기사,피아노구조 및 조율법,1,1,20,30,20/08/07
자동차검사산업기사,일반기계공학,3,1,20,30,14/09/24
자동차검사산업기사,자동차검사,2,1,20,30,14/09/24
자동차검사산업기사,자동차공학,1,1,20,30,14/09/24
측량및지형공간정보산업기사,사진측량 및 원격탐사,2,1,20,30,20/08/07
측량및지형공간정보산업기사,측량학,4,1,20,30,20/08/07
측량및지형공간정보산업기사,응용측량,1,1,20,30,20/08/07
지적산업기사,응용측량,2,1,20,30,20/08/07
지적산업기사,토지정보체계론,3,1,20,30,20/08/07
지적산업기사,지적학,4,1,20,30,20/08/07
지적산업기사,지적측량,1,1,20,30,20/08/07
지적산업기사,지적관계법규,5,1,20,30,20/08/07
금속재료산업기사,재료시험,4,1,20,30,20/08/07
금속재료산업기사,금속조직,2,1,20,30,20/08/07
금속재료산업기사,금속재료,1,1,20,30,20/08/07
금속재료산업기사,금속열처리,3,1,20,30,20/08/07
정밀측정산업기사,정밀계측,1,1,20,30,20/08/07
정밀측정산업기사,정밀가공학,4,1,20,30,20/08/07
정밀측정산업기사,재료시험법,2,1,20,30,20/08/07
정밀측정산업기사,도면해독,3,1,20,30,20/08/07
해양조사산업기사,물리해양학,1,1,20,30,20/08/07
해양조사산업기사,화학해양학,2,1,20,30,20/08/07
해양조사산업기사,지질해양학,4,1,20,30,20/08/07
해양조사산업기사,생물해양학,3,1,20,30,20/08/07
산업안전산업기사,건설안전기술,5,1,20,30,20/08/07
산업안전산업기사,인간공학및시스템안전공학,2,1,20,30,20/08/07
산업안전산업기사,전기및화학설비위험방지기술,4,1,20,30,20/08/07
산업안전산업기사,산업안전관리론,1,1,20,30,20/08/07
산업안전산업기사,기계위험방지기술,3,1,20,30,20/08/07
방송통신기사,방송통신기기,2,1,20,30,14/09/24
방송통신기사,전자계산기일반및방송설비기준,5,1,20,30,14/09/24
방송통신기사,방송통신시스템,4,1,20,30,14/09/24
방송통신기사,방송미디어공학,3,1,20,30,14/09/24
방송통신기사,디지탈전자회로,1,1,20,30,14/09/24
조경산업기사,조경식재,2,1,20,30,20/08/07
조경산업기사,조경시공,3,1,20,30,20/08/07
조경산업기사,조경관리,4,1,20,30,20/08/07
조경산업기사,조경계획및설계,1,1,20,30,20/08/07
전자계산기산업기사,마이크로전자계산기,3,1,20,30,14/09/24
전자계산기산업기사,정보통신개론,5,1,20,30,14/09/24
전자계산기산업기사,전자계산기구조,2,1,20,30,14/09/24
전자계산기산업기사,프로그래밍일반,1,1,20,30,14/09/24
전자계산기산업기사,논리회로,4,1,20,30,14/09/24
자동차정비산업기사,일반기계공학,1,1,20,30,20/08/07
자동차정비산업기사,자동차전기,4,1,20,30,20/08/07
건설기계설비산업기사,유압기기및건설기계일반,4,1,20,30,20/08/07
건설기계설비산업기사,재료역학,2,1,20,30,20/08/07
건설기계설비산업기사,기계제작법,1,1,20,30,20/08/07
건설기계설비산업기사,기계설계및기계재료,3,1,20,30,20/08/07
배관산업기사,용접일반및안전관리,4,1,20,30,20/08/07
배관산업기사,배관설비공학,2,1,20,30,20/08/07
배관산업기사,배관설비재료 및 시공,3,1,20,30,20/08/07
배관산업기사,산업설비제도및적산,1,1,20,30,20/08/07
철도신호기사,신호공학,4,1,20,30,14/09/24
철도신호기사,전자공학,1,1,20,30,14/09/24
철도신호기사,회로이론및제어공학,2,1,20,30,14/09/24
철도신호기사,신호기기,3,1,20,30,14/09/24
전기철도기사,전기철도구조물공학,2,1,20,30,14/09/24
전기철도기사,전기철도공학,1,1,20,30,14/09/24
전기철도기사,전력공학,4,1,20,30,14/09/24
전기철도기사,전기자기학,3,1,20,30,14/09/24
보일러산업기사,"배관,계측,에너지진단및관련법규",3,1,20,30,14/09/24
보일러산업기사,"보일러시공,취급및안전관리",2,1,20,30,14/09/24
보일러산업기사,보일러설비및구조,1,1,20,30,14/09/24
건설기계정비산업기사,건설기계정비,1,1,20,30,20/08/07
건설기계정비산업기사,일반기계공학,4,1,20,30,20/08/07
건설기계정비산업기사,유압기기및건설기계안전관리,3,1,20,30,20/08/07
건설기계정비산업기사,내연기관,2,1,20,30,20/08/07
기계설계산업기사,기계제도,2,1,20,30,20/08/07
기계설계산업기사,기계가공법 및 안전관리,1,1,20,30,20/08/07
기계설계산업기사,컴퓨터응용설계,4,1,20,30,20/08/07
기계설계산업기사,기계설계및기계재료,3,1,20,30,20/08/07
건설재료시험기사,건설재료및시험,3,1,20,30,14/09/24
건설재료시험기사,건설시공및관리,2,1,20,30,14/09/24
건설재료시험기사,토질및기초,4,1,20,30,14/09/24
건설재료시험기사,콘크리트공학,1,1,20,30,14/09/24
교통기사,교통안전,6,1,20,30,14/09/24
교통기사,교통시설,3,1,20,30,14/09/24
교통기사,교통관계법규,5,1,20,30,14/09/24
교통기사,교통공학,2,1,20,30,14/09/24
교통기사,교통계획,1,1,20,30,14/09/24
교통기사,도시계획개론,4,1,20,30,14/09/24
철도토목기사,건설재료및시공,4,1,20,30,14/09/24
철도토목기사,측량학,2,1,20,30,14/09/24
철도토목기사,철도보선관계법규,5,1,20,30,14/09/24
철도토목기사,철도공학,1,1,20,30,14/09/24
철도토목기사,응용역학,3,1,20,30,14/09/24
생산자동화산업기사,기계제도 및 기초공학,2,1,20,30,20/08/07
생산자동화산업기사,메카트로닉스,4,1,20,30,20/08/07
생산자동화산업기사,자동제어,3,1,20,30,20/08/07
생산자동화산업기사,기계가공법 및 안전관리,1,1,20,30,20/08/07
기계정비산업기사,공업계측및전기전자제어,3,1,20,30,20/08/07
기계정비산업기사,기계정비일반,4,1,20,30,20/08/07
기계정비산업기사,설비진단 및 관리,2,1,20,30,20/08/07
기계정비산업기사,공유압및자동화시스템,1,1,20,30,20/08/07
임상심리사1급,고급심리치료,5,1,20,30,14/09/24
임상심리사1급,고급임상심리학,4,1,20,30,14/09/24
임상심리사1급,고급심리검사,3,1,20,30,14/09/24
임상심리사1급,고급이상심리학,2,1,20,30,14/09/24
임상심리사1급,임상심리연구방법론,1,1,20,30,14/09/24
임상심리사2급,심리상담,5,1,20,30,14/09/24
임상심리사2급,임상심리학,4,1,20,30,14/09/24
임상심리사2급,심리검사,3,1,20,30,14/09/24
임상심리사2급,이상심리학,2,1,20,30,14/09/24
임상심리사2급,심리학개론,1,1,20,30,14/09/24
텔레마케팅관리사,고객응대,4,1,25,35,14/09/24
텔레마케팅관리사,텔레마케팅관리,3,1,25,40,14/09/24
텔레마케팅관리사,시장조사,2,1,25,35,14/09/24
텔레마케팅관리사,판매관리,1,1,25,40,14/09/24
게임프로그래밍전문가,게임프로그램작성,4,1,25,150,14/09/24
게임프로그래밍전문가,게임알고리즘,3,1,25,150,14/09/24
게임프로그래밍전문가,프로그래밍일반,2,1,25,150,14/09/24
게임프로그래밍전문가,게임제작개론,1,1,25,150,14/09/24
게임그래픽전문가,게임그래픽제작,4,1,25,150,14/09/24
게임그래픽전문가,게임그래픽디자인,3,1,25,150,14/09/24
게임그래픽전문가,그래픽디자인론,2,1,25,150,14/09/24
게임그래픽전문가,게임제작개론,1,1,25,150,14/09/24
금속재료기능장,과목없음,1,1,60,60,18/01/12
제선기능장,과목없음,1,1,60,60,18/01/12
종자산업기사,종자생산학및종자법규,1,1,20,30,20/08/07
종자산업기사,재배원론,3,1,20,30,20/08/07
종자산업기사,식물보호학,4,1,20,30,20/08/07
종자산업기사,식물육종학,2,1,20,30,20/08/07
가스산업기사,가스계측,4,1,20,30,20/08/07
가스산업기사,연소공학,1,1,20,30,20/08/07
가스산업기사,가스안전관리,3,1,20,30,20/08/07
가스산업기사,가스설비,2,1,20,30,20/08/07
항공산업기사,항공장비,4,1,20,30,20/08/07
항공산업기사,항공역학,1,1,20,30,20/08/07
항공산업기사,항공기체,3,1,20,30,20/08/07
항공산업기사,항공기관,2,1,20,30,20/08/07
토목산업기사,측량학,2,1,20,30,20/08/07
토목산업기사,토질및기초,5,1,20,30,20/08/07
토목산업기사,철근콘크리트및강구조,4,1,20,30,20/08/07
토목산업기사,상하수도공학,6,1,20,30,20/08/07
토목산업기사,응용역학,1,1,20,30,20/08/07
토목산업기사,수리학,3,1,20,30,20/08/07
주조산업기사,특수주조,4,1,20,30,20/08/07
주조산업기사,일반주조,3,1,20,30,20/08/07
주조산업기사,금속조직,2,1,20,30,20/08/07
주조산업기사,금속재료,1,1,20,30,20/08/07
표면처리산업기사,표면처리,2,1,20,30,20/08/07
표면처리산업기사,금속재료및재료시험,1,1,20,30,20/08/07
표면처리산업기사,부식방식,3,1,20,30,20/08/07
전파통신산업기사,통신영어및교통지리,4,1,20,30,14/09/24
전파통신산업기사,전파관계법규,5,1,20,30,14/09/24
전파통신산업기사,무선통신기기,2,1,20,30,14/09/24
전파통신산업기사,디지탈전자회로,1,1,20,30,14/09/24
전파통신산업기사,안테나개론,3,1,20,30,14/09/24
시각디자인산업기사,인쇄및사진기법,2,1,20,30,20/08/07
시각디자인산업기사,시각디자인실무이론,4,1,20,30,20/08/07
시각디자인산업기사,시각디자인론,3,1,20,30,20/08/07
시각디자인산업기사,색채학,1,1,20,30,20/08/07
건설안전산업기사,건설재료학,4,1,20,30,20/08/07
건설안전산업기사,건설안전기술,5,1,20,30,20/08/07
건설안전산업기사,건설시공학,3,1,20,30,20/08/07
건설안전산업기사,인간공학및시스템안전공학,2,1,20,30,20/08/07
건설안전산업기사,산업안전관리론,1,1,20,30,20/08/07
인쇄산업기사,사진제판공학,4,1,20,30,20/08/07
인쇄산업기사,인쇄재료학,2,1,20,30,20/08/07
인쇄산업기사,인쇄색채학,3,1,20,30,20/08/07
인쇄산업기사,인쇄공학,1,1,20,30,20/08/07
승강기산업기사,일반기계공학,3,1,20,30,20/08/07
승강기산업기사,전기제어공학,4,1,20,30,20/08/07
승강기산업기사,승강기설계,2,1,20,30,20/08/07
승강기산업기사,승강기개론,1,1,20,30,20/08/07
소방설비산업기사(기계분야),소방유체역학,2,1,20,30,20/08/07
소방설비산업기사(기계분야),소방원론,1,1,20,30,20/08/07
소방설비산업기사(기계분야),소방기계시설의구조및원리,4,1,20,30,20/08/07
소방설비산업기사(기계분야),소방관계법규,3,1,20,30,20/08/07
에너지관리기능장,과목없음,1,1,60,60,18/01/12
농업기계산업기사,농업동력학,4,1,20,30,20/08/07
농업기계산업기사,농업기계학,3,1,20,30,20/08/07
농업기계산업기사,농업기계요소,2,1,20,30,20/08/07
농업기계산업기사,농업기계공작법,1,1,20,30,20/08/07
사출금형산업기사,금형재료및정밀계측,3,1,20,30,20/08/07
사출금형산업기사,금형설계,1,1,20,30,20/08/07
사출금형산업기사,기계가공법 및 안전관리,2,1,20,30,20/08/07
공조냉동기계기사,배관일반,5,1,20,30,14/09/24
공조냉동기계기사,공기조화,3,1,20,30,14/09/24
공조냉동기계기사,전기제어공학,4,1,20,30,14/09/24
공조냉동기계기사,기계열역학,1,1,20,30,14/09/24
공조냉동기계기사,냉동공학,2,1,20,30,14/09/24
프레스금형산업기사,금형재료및정밀계측,3,1,20,30,20/08/07
프레스금형산업기사,금형설계,1,1,20,30,20/08/07
프레스금형산업기사,기계가공법 및 안전관리,2,1,20,30,20/08/07
소방설비기사(기계분야),소방유체역학,2,1,20,30,14/09/24
소방설비기사(기계분야),소방원론,1,1,20,30,14/09/24
소방설비기사(기계분야),소방기계시설의구조및원리,4,1,20,30,14/09/24
소방설비기사(기계분야),소방관계법규,3,1,20,30,14/09/24
대기환경기사,대기오염공정시험기준(방법),4,1,20,30,14/09/24
대기환경기사,연소공학,2,1,20,30,14/09/24
대기환경기사,대기오염개론,1,1,20,30,14/09/24
대기환경기사,대기환경관계법규,5,1,20,30,14/09/24
대기환경기사,대기오염방지기술,3,1,20,30,14/09/24
용접산업기사,용접일반및안전관리,3,1,20,30,20/08/07
용접산업기사,용접구조설계,2,1,20,30,20/08/07
용접산업기사,용접야금 및 용접설비제도,1,1,20,30,20/08/07
자동차검사기사,일반기계공학,1,1,20,30,14/09/24
자동차검사기사,자동차검사,4,1,20,30,14/09/24
자동차검사기사,자동차공학,3,1,20,30,14/09/24
자동차검사기사,기계열역학,2,1,20,30,14/09/24
가스기사,가스계측,5,1,20,30,14/09/24
가스기사,연소공학,2,1,20,30,14/09/24
가스기사,가스유체역학,1,1,20,30,14/09/24
가스기사,가스안전관리,4,1,20,30,14/09/24
가스기사,가스설비,3,1,20,30,14/09/24
건축기사,건축구조,3,1,20,30,14/09/24
건축기사,건축관계법규,5,1,20,30,14/09/24
건축기사,건축계획,1,1,20,30,14/09/24
건축기사,건축시공,2,1,20,30,14/09/24
건축기사,건축설비,4,1,20,30,14/09/24
건축설비기사,공기조화,3,1,20,30,14/09/24
건축설비기사,건축일반,1,1,20,30,14/09/24
건축설비기사,건축설비관계법규,5,1,20,30,14/09/24
건축설비기사,위생설비,2,1,20,30,14/09/24
건축설비기사,전기일반,4,1,20,30,14/09/24
폐기물처리기사,폐기물공정시험기준(방법),4,1,20,30,14/09/24
폐기물처리기사,폐기물처리기술,2,1,20,30,14/09/24
폐기물처리기사,폐기물소각및열회수,3,1,20,30,14/09/24
폐기물처리기사,폐기물관계법규,5,1,20,30,14/09/24
폐기물처리기사,폐기물개론,1,1,20,30,14/09/24
기계조립산업기사,기계가공법 및 안전관리,1,1,20,30,20/08/07
기계조립산업기사,기계제도 및 CNC공작법,3,1,20,30,20/08/07
기계조립산업기사,기계설계 및 기계재료,2,1,20,30,20/08/07
축산기사,축산경영학,5,1,20,30,14/09/24
축산기사,사료작물학및초지학,4,1,20,30,14/09/24
축산기사,가축육종학,1,1,20,30,14/09/24
축산기사,가축사양학,3,1,20,30,14/09/24
축산기사,가축번식생리학,2,1,20,30,14/09/24
임산가공기사,임산제조학,4,1,20,30,14/09/24
임산가공기사,목재화학,3,1,20,30,14/09/24
임산가공기사,목재해부학,2,1,20,30,14/09/24
임산가공기사,목재이학,1,1,20,30,14/09/24
임산가공기사,목재보존학,5,1,20,30,14/09/24
식품기사,식품화학,2,1,20,30,14/09/24
식품기사,식품위생학,1,1,20,30,14/09/24
식품기사,생화학및발효학,5,1,20,30,14/09/24
식품기사,식품미생물학,4,1,20,30,14/09/24
식품기사,식품가공학,3,1,20,30,14/09/24
수산제조기사,통조림제조학,4,1,20,30,14/09/24
수산제조기사,식품위생학,1,1,20,30,14/09/24
수산제조기사,수산화학,2,1,20,30,14/09/24
수산제조기사,수산가공학,3,1,20,30,14/09/24
수산제조기사,냉동냉장학,5,1,20,30,14/09/24
승강기기사,일반기계공학,3,1,20,30,14/09/24
승강기기사,전기제어공학,4,1,20,30,14/09/24
승강기기사,승강기설계,2,1,20,30,14/09/24
승강기기사,승강기개론,1,1,20,30,14/09/24
종자기사,종자생산학,1,1,20,30,14/09/24
종자기사,종자관련법규,5,1,20,30,14/09/24
종자기사,재배원론,3,1,20,30,14/09/24
종자기사,식물보호학,4,1,20,30,14/09/24
종자기사,식물육종학,2,1,20,30,14/09/24
제품디자인기사,인간공학,2,1,20,30,14/09/24
제품디자인기사,제품디자인론,1,1,20,30,14/09/24
제품디자인기사,제품관리,5,1,20,30,14/09/24
제품디자인기사,공업재료및모형제작론,3,1,20,30,14/09/24
제품디자인기사,색채학,4,1,20,30,14/09/24
시설원예기사,토양학및비료학,5,1,20,30,14/09/24
시설원예기사,원예작물학,1,1,20,30,14/09/24
시설원예기사,작물생리학,4,1,20,30,14/09/24
시설원예기사,시설원예환경조절공학,3,1,20,30,14/09/24
시설원예기사,시설원예학,2,1,20,30,14/09/24
시각디자인기사,조형심리학,2,1,20,30,14/09/24
시각디자인기사,사진및인쇄제판론,5,1,20,30,14/09/24
시각디자인기사,광고학,3,1,20,30,14/09/24
시각디자인기사,시각디자인론,1,1,20,30,14/09/24
시각디자인기사,색채학,4,1,20,30,14/09/24
생물공학기사,배양공학,2,1,20,30,14/09/24
생물공학기사,미생물공학,1,1,20,30,14/09/24
생물공학기사,생물공학개론,5,1,20,30,14/09/24
생물공학기사,생물분리공학,4,1,20,30,14/09/24
생물공학기사,생물반응공학,3,1,20,30,14/09/24
화약류관리기사,발파공학,2,1,20,30,14/09/24
화약류관리기사,화약류단속관계법규,4,1,20,30,14/09/24
화약류관리기사,일반화약학,1,1,20,30,14/09/24
화약류관리기사,암석역학,3,1,20,30,14/09/24
화약류관리기사,굴착공학,5,1,20,30,14/09/24
산업위생관리기사,산업독성학,5,1,20,30,14/09/24
산업위생관리기사,물리적유해인자관리,4,1,20,30,14/09/24
산업위생관리기사,산업위생학개론,1,1,20,30,14/09/24
산업위생관리기사,작업환경관리대책,3,1,20,30,14/09/24
산업위생관리기사,작업위생측정및평가,2,1,20,30,14/09/24
광학기사,레이저 및 광전자,4,1,20,30,14/09/24
광학기사,기하광학 및 광학기기,1,1,20,30,14/09/24
광학기사,파동광학,2,1,20,30,14/09/24
광학기사,광학계측과 광학평가,3,1,20,30,14/09/24
산업안전기사,건설안전기술,6,1,20,30,14/09/24
산업안전기사,화학설비위험방지기술,5,1,20,30,14/09/24
산업안전기사,인간공학및시스템안전공학,2,1,20,30,14/09/24
산업안전기사,전기위험방지기술,4,1,20,30,14/09/24
산업안전기사,기계위험방지기술,3,1,20,30,14/09/24
산업안전기사,안전관리론,1,1,20,30,14/09/24
건설안전기사,건설재료학,5,1,20,30,14/09/24
건설안전기사,건설안전기술,6,1,20,30,14/09/24
건설안전기사,건설시공학,4,1,20,30,14/09/24
건설안전기사,인간공학및시스템안전공학,3,1,20,30,14/09/24
건설안전기사,산업안전관리론,1,1,20,30,14/09/24
건설안전기사,산업심리및교육,2,1,20,30,14/09/24
프레스금형설계기사,금형재료,3,1,20,30,14/09/24
프레스금형설계기사,금형설계,1,1,20,30,14/09/24
프레스금형설계기사,정밀계측,4,1,20,30,14/09/24
프레스금형설계기사,금형제작법,2,1,20,30,14/09/24
철도차량기사,철도차량공학,4,1,20,30,14/09/24
철도차량기사,재료역학,1,1,20,30,14/09/24
철도차량기사,내연기관,2,1,20,30,14/09/24
철도차량기사,기계제작법,5,1,20,30,14/09/24
철도차량기사,기계설계,3,1,20,30,14/09/24
지적기사,응용측량,2,1,20,30,14/09/24
지적기사,토지정보체계론,3,1,20,30,14/09/24
지적기사,지적학,4,1,20,30,14/09/24
지적기사,지적측량,1,1,20,30,14/09/24
지적기사,지적관계법규,5,1,20,30,14/09/24
인쇄기사,인쇄작업론 및 품질관리,5,1,20,30,14/09/24
인쇄기사,특수인쇄학,3,1,20,30,14/09/24
인쇄기사,인쇄재료학,2,1,20,30,14/09/24
인쇄기사,인쇄색채학,4,1,20,30,14/09/24
인쇄기사,인쇄공학,1,1,20,30,14/09/24
해양환경기사,해양학개론,1,1,20,30,14/09/24
해양환경기사,해양생태학,2,1,20,30,14/09/24
해양환경기사,해양관련법규,5,1,20,30,14/09/24
해양환경기사,해양계측학,3,1,20,30,14/09/24
해양환경기사,해수의수질분석,4,1,20,30,14/09/24
해양자원개발기사,탐사공학,4,1,20,30,14/09/24
해양자원개발기사,해양자원학,3,1,20,30,14/09/24
해양자원개발기사,해양학개론,1,1,20,30,14/09/24
해양자원개발기사,지질해양학,2,1,20,30,14/09/24
해양자원개발기사,해양계측학,5,1,20,30,14/09/24
원자력기사,방사선이용 및 보건물리,5,1,20,30,14/09/24
원자력기사,원자로 안전과 운전,4,1,20,30,14/09/24
원자력기사,원자력계통공학,3,1,20,30,14/09/24
원자력기사,핵연료와 핵화학공학,2,1,20,30,14/09/24
원자력기사,원자력기초,1,1,20,30,14/09/24
건설기계정비기사,건설기계정비,4,1,20,30,14/09/24
건설기계정비기사,일반기계공학,1,1,20,30,14/09/24
건설기계정비기사,유압기기및건설기계안전관리,2,1,20,30,14/09/24
건설기계정비기사,기계열역학,5,1,20,30,14/09/24
건설기계정비기사,내연기관,3,1,20,30,14/09/24
메카트로닉스기사,메카트로닉스기기,4,1,20,30,14/09/24
메카트로닉스기사,CAD/CAM,1,1,20,30,14/09/24
메카트로닉스기사,자동제어응용,3,1,20,30,14/09/24
메카트로닉스기사,기계동력학및기구학,2,1,20,30,14/09/24
동력기계정비기능사,과목없음,1,1,60,60,14/09/24
응용지질기사,탐사공학,3,1,20,30,14/09/24
응용지질기사,지질공학,4,1,20,30,14/09/24
응용지질기사,광상학,5,1,20,30,14/09/24
응용지질기사,암석학및광물학,1,1,20,30,14/09/24
응용지질기사,구조지질학,2,1,20,30,14/09/24
행정직,남녀고용평등과일가정양립지원에관한법률,14,1,4,4,14/09/24
행정직,직업안정법,13,1,3,3,14/09/24
행정직,근로자직업능력개발법,12,1,7,7,14/09/24
행정직,고용보험법,11,1,18,18,14/09/24
행정직,근로자참여및협력증진에관한법률,10,1,3,3,14/09/24
행정직,노동위원회법,9,1,3,3,14/09/24
행정직,노동조합및노동관계조정법,8,1,20,20,14/09/24
행정직,산업안전보건법,7,1,10,10,14/09/24
행정직,파견근로자보호등에관한법률,6,1,3,3,14/09/24
행정직,기간제및단시간근로자보호등에관한법률,5,1,2,2,14/09/24
행정직,근로자퇴직급여보장법,4,1,2,2,14/09/24
행정직,임금채권보장법,3,1,2,2,14/09/24
행정직,최저임금법,2,1,2,2,14/09/24
행정직,근로기준법,1,1,21,21,14/09/24
기술직,남녀고용평등과일가정양립지원에관한법률,14,1,4,4,14/09/24
기술직,직업안정법,13,1,3,3,14/09/24
기술직,근로자직업능력개발법,12,1,7,7,14/09/24
기술직,고용보험법,11,1,18,18,14/09/24
기술직,근로자참여및협력증진에관한법률,10,1,3,3,14/09/24
기술직,노동위원회법,9,1,3,3,14/09/24
기술직,노동조합및노동관계조정법,8,1,20,20,14/09/24
기술직,산업안전보건법,7,1,10,10,14/09/24
기술직,파견근로자보호등에관한법률,6,1,3,3,14/09/24
기술직,기간제및단시간근로자보호등에관한법률,5,1,2,2,14/09/24
기술직,근로자퇴직급여보장법,4,1,2,2,14/09/24
기술직,임금채권보장법,3,1,2,2,14/09/24
기술직,최저임금법,2,1,2,2,14/09/24
기술직,근로기준법,1,1,21,21,14/09/24
플라스틱창호기능사,과목없음,1,1,60,60,14/09/24
주조기능장,과목없음,1,1,60,60,18/01/12
자동차정비기능장,과목없음,1,1,60,60,18/01/12
교통산업기사,교통안전,4,1,20,30,20/08/07
교통산업기사,교통시설,5,1,20,30,20/08/07
교통산업기사,교통계획,3,1,20,30,20/08/07
교통산업기사,교통조사,1,1,20,30,20/08/07
교통산업기사,교통운영,2,1,20,30,20/08/07
귀금속가공산업기사,보석감별및감정,4,1,20,30,20/08/07
귀금속가공산업기사,보석재료및가공기법,2,1,20,30,20/08/07
귀금속가공산업기사,장신구디자인론,1,1,20,30,20/08/07
귀금속가공산업기사,귀금속재료및가공기법,3,1,20,30,20/08/07
어로산업기사,어장학,3,1,20,30,20/08/07
어로산업기사,어업기기학,2,1,20,30,20/08/07
어로산업기사,어법학,4,1,20,30,20/08/07
어로산업기사,어구학,1,1,20,30,20/08/07
철도차량정비기능장,과목없음,1,1,60,60,18/01/12
금형제작기능장,과목없음,1,1,60,60,18/01/12
배관기능장,과목없음,1,1,60,60,18/01/12
산업위생관리산업기사,산업환기,4,1,20,30,20/08/07
산업위생관리산업기사,산업위생학개론,1,1,20,30,20/08/07
산업위생관리산업기사,작업환경측정및평가,2,1,20,30,20/08/07
산업위생관리산업기사,작업환경관리,3,1,20,30,20/08/07
용접기능장,과목없음,1,1,60,60,18/01/12
폐기물처리산업기사,폐기물공정시험기준(방법),3,1,20,30,20/08/07
폐기물처리산업기사,폐기물처리기술,2,1,20,30,20/08/07
폐기물처리산업기사,폐기물관계법규,4,1,20,30,20/08/07
폐기물처리산업기사,폐기물개론,1,1,20,30,20/08/07
포장산업기사,포장일반,1,1,20,30,20/08/07
포장산업기사,포장기법,3,1,20,30,20/08/07
제품디자인산업기사,인간공학,2,1,20,30,20/08/07
제품디자인산업기사,제품디자인론,1,1,20,30,20/08/07
제품디자인산업기사,공업재료및모형제작론,3,1,20,30,20/08/07
제품디자인산업기사,색채학,4,1,20,30,20/08/07
공조냉동기계산업기사,배관일반,3,1,20,30,20/08/07
공조냉동기계산업기사,공기조화,1,1,20,30,20/08/07
공조냉동기계산업기사,전기제어공학,4,1,20,30,20/08/07
공조냉동기계산업기사,냉동공학,2,1,20,30,20/08/07
화약류제조산업기사,화학공업양론,1,1,20,30,20/08/07
화약류제조산업기사,일반화약학,3,1,20,30,20/08/07
화약류제조산업기사,단위조작,2,1,20,30,20/08/07
실내건축산업기사,건축재료,3,1,20,30,20/08/07
실내건축산업기사,건축일반,4,1,20,30,20/08/07
실내건축산업기사,실내디자인론,1,1,20,30,20/08/07
실내건축산업기사,색채및인간공학,2,1,20,30,20/08/07
정보처리산업기사,운영체제,4,1,20,30,20/08/07
정보처리산업기사,정보통신개론,5,1,20,30,20/08/07
정보처리산업기사,전자계산기구조,2,1,20,30,20/08/07
정보처리산업기사,시스템분석설계,3,1,20,30,20/08/07
정보처리산업기사,데이터베이스,1,1,20,30,20/08/07
건설재료시험산업기사,건설재료및시험,2,1,20,30,20/08/07
건설재료시험산업기사,건설시공학,3,1,20,30,20/08/07
건설재료시험산업기사,토질및기초,4,1,20,30,20/08/07
건설재료시험산업기사,콘크리트공학,1,1,20,30,20/08/07
철도토목산업기사,건설재료및시공,4,1,20,30,20/08/07
철도토목산업기사,측량학,2,1,20,30,20/08/07
철도토목산업기사,철도보선관계법규,5,1,20,30,20/08/07
철도토목산업기사,철도공학,1,1,20,30,20/08/07
철도토목산업기사,응용역학,3,1,20,30,20/08/07
방사선비파괴검사산업기사,방사선투과검사 시험,3,1,20,30,20/08/07
방사선비파괴검사산업기사,방사선투과검사 원리 및 규격,2,1,20,30,20/08/07
방사선비파괴검사산업기사,비파괴검사개론,1,1,20,30,20/08/07
한식조리산업기사,식품학,2,1,20,30,20/08/07
한식조리산업기사,식품위생 및 관련법규,1,1,20,30,20/08/07
한식조리산업기사,공중보건학,4,1,20,30,20/08/07
섬유디자인산업기사,디자인개론,1,1,20,30,20/08/07
섬유디자인산업기사,날염학,4,1,20,30,20/08/07
섬유디자인산업기사,섬유재료학,3,1,20,30,20/08/07
섬유디자인산업기사,색채학,2,1,20,30,20/08/07
전산응용토목제도기능사,과목없음,1,1,60,60,14/09/24
양복산업기사,복장미학,3,1,20,30,14/09/24
양복산업기사,피복재료학,2,1,20,30,14/09/24
양복산업기사,양복제작법,1,1,20,30,14/09/24
한복산업기사,한복구성학,2,1,20,30,20/08/07
한복산업기사,복식의장및한국복식문화사,1,1,20,30,20/08/07
한복산업기사,피복재료학,3,1,20,30,20/08/07
통신설비기능장,과목없음,1,1,60,60,18/01/12
조리기능장,과목없음,1,1,60,60,18/01/12
제과기능장,과목없음,1,1,60,60,18/01/12
미용장,과목없음,1,1,60,60,18/01/12
이용장,과목없음,1,1,60,60,18/01/12
산림기능장,과목없음,1,1,60,60,18/01/12
귀금속가공기능장,과목없음,1,1,60,60,18/01/12
초음파비파괴검사산업기사,초음파 탐상검사 원리 및 규격,2,1,20,30,20/08/07
초음파비파괴검사산업기사,초음파탐상검사 시험,3,1,20,30,20/08/07
초음파비파괴검사산업기사,비파괴검사개론,1,1,20,30,20/08/07
침투비파괴검사산업기사,침투탐상검사 원리 및 규격,2,1,20,30,20/08/07
침투비파괴검사산업기사,침투탐상검사 시험,3,1,20,30,20/08/07
침투비파괴검사산업기사,비파괴검사개론,1,1,20,30,20/08/07
기계가공기능장,과목없음,1,1,60,60,18/01/12
가스기능장,과목없음,1,1,60,60,18/01/12
전자기기기능장,과목없음,1,1,60,60,18/01/12
소방설비산업기사(전기분야),소방전기 일반,2,1,20,30,20/08/07
소방설비산업기사(전기분야),소방원론,1,1,20,30,20/08/07
소방설비산업기사(전기분야),소방관계법규,3,1,20,30,20/08/07
소방설비산업기사(전기분야),소방전기시설의구조및원리,4,1,20,30,20/08/07
일반기계기사,기계제작법및기계동력학,5,1,20,30,14/09/24
일반기계기사,재료역학,1,1,20,30,14/09/24
일반기계기사,기계열역학,2,1,20,30,14/09/24
일반기계기사,기계유체역학,3,1,20,30,14/09/24
일반기계기사,기계재료및유압기기,4,1,20,30,14/09/24
용접기사,용접일반및안전관리,5,1,20,30,14/09/24
용접기사,용접야금,3,1,20,30,14/09/24
용접기사,용접구조설계,4,1,20,30,14/09/24
용접기사,재료역학,2,1,20,30,14/09/24
용접기사,기계제작법,1,1,20,30,14/09/24
도시계획기사,도시개발론,3,1,20,30,14/09/24
도시계획기사,도시계획론,1,1,20,30,14/09/24
도시계획기사,도시계획관계법규,5,1,20,30,14/09/24
도시계획기사,국토및지역계획,4,1,20,30,14/09/24
도시계획기사,도시설계및단지계획,2,1,20,30,14/09/24
조경기사,조경계획,2,1,20,30,14/09/24
조경기사,조경식재,4,1,20,30,14/09/24
조경기사,조경시공구조학,5,1,20,30,14/09/24
조경기사,조경설계,3,1,20,30,14/09/24
조경기사,조경사,1,1,20,30,14/09/24
조경기사,조경관리론,6,1,20,30,14/09/24
농업기계기사,재료역학,1,1,20,30,14/09/24
농업기계기사,기계열역학,2,1,20,30,14/09/24
농업기계기사,기계유체역학,3,1,20,30,14/09/24
농업기계기사,농업동력학,4,1,20,30,14/09/24
농업기계기사,농업기계학,5,1,20,30,14/09/24
사출금형설계기사,금형재료,3,1,20,30,14/09/24
사출금형설계기사,금형설계,1,1,20,30,14/09/24
사출금형설계기사,정밀계측,4,1,20,30,14/09/24
사출금형설계기사,금형제작법,2,1,20,30,14/09/24
전자계산기기사,마이크로전자계산기,3,1,20,30,14/09/24
전자계산기기사,전자계산기구조,2,1,20,30,14/09/24
전자계산기기사,시스템프로그래밍,1,1,20,30,14/09/24
전자계산기기사,논리회로,4,1,20,30,14/09/24
전자계산기기사,데이타통신,5,1,20,30,14/09/24
전자계산기조직응용기사,운영체제,4,1,20,30,14/09/24
전자계산기조직응용기사,마이크로전자계산기,5,1,20,30,14/09/24
전자계산기조직응용기사,자료구조및데이타통신,2,1,20,30,14/09/24
전자계산기조직응용기사,전자계산기프로그래밍,1,1,20,30,14/09/24
전자계산기조직응용기사,전자계산기구조,3,1,20,30,14/09/24
실내건축기사,건축환경,6,1,20,30,14/09/24
실내건축기사,건축재료,4,1,20,30,14/09/24
실내건축기사,건축일반,5,1,20,30,14/09/24
실내건축기사,인간공학,3,1,20,30,14/09/24
실내건축기사,실내디자인론,1,1,20,30,14/09/24
실내건축기사,색채학,2,1,20,30,14/09/24
콘크리트기사,콘크리트구조및유지관리,4,1,20,30,14/09/24
콘크리트기사,콘크리트의시공,3,1,20,30,14/09/24
콘크리트기사,"콘크리트제조,시험및품질관리",2,1,20,30,14/09/24
콘크리트기사,콘크리트재료및배합,1,1,20,30,14/09/24
콘크리트산업기사,콘크리트 구조 및 유지관리,4,1,20,30,20/08/07
콘크리트산업기사,콘크리트의 시공,3,1,20,30,20/08/07
콘크리트산업기사,"콘크리트 제조, 시험 및 품질관리",2,1,20,30,20/08/07
콘크리트산업기사,콘크리트 재료 및 배합,1,1,20,30,20/08/07
화훼장식기능사,과목없음,1,1,60,60,14/09/24
농림토양평가관리산업기사,분석화학기초,4,1,20,30,20/08/07
농림토양평가관리산업기사,재배학원론,3,1,20,30,20/08/07
농림토양평가관리산업기사,비료학,2,1,20,30,20/08/07
농림토양평가관리산업기사,토양학,1,1,20,30,20/08/07
자연생태복원기사,자연환경관계법규,5,1,20,30,14/09/24
자연생태복원기사,경관생태학,4,1,20,30,14/09/24
자연생태복원기사,생태복원공학,3,1,20,30,14/09/24
자연생태복원기사,환경계획학,2,1,20,30,14/09/24
자연생태복원기사,환경생태학 개론,1,1,20,30,14/09/24
자연생태복원산업기사,생태조사방법론,4,1,20,30,20/08/07
자연생태복원산업기사,생태복원공학,3,1,20,30,20/08/07
자연생태복원산업기사,환경학개론,2,1,20,30,20/08/07
자연생태복원산업기사,환경생태학 개론,1,1,20,30,20/08/07
토양환경기사,토양 및 지하수환경관계법규,4,1,20,30,14/09/24
토양환경기사,토양 및 지하수 오염정화기술,3,1,20,30,14/09/24
토양환경기사,토양 및 지하수 오염조사기술,2,1,20,30,14/09/24
토양환경기사,토양학개론,1,1,20,30,14/09/24
궤도장비정비기사,일반기계공학,5,1,20,30,14/09/24
궤도장비정비기사,유압일반,2,1,20,30,14/09/24
궤도장비정비기사,궤도장비정비,1,1,20,30,14/09/24
궤도장비정비기사,기계열역학,3,1,20,30,14/09/24
궤도장비정비기사,내연기관,4,1,20,30,14/09/24
궤도장비정비산업기사,일반기계공학,4,1,20,30,20/08/07
궤도장비정비산업기사,유압일반,2,1,20,30,20/08/07
궤도장비정비산업기사,궤도장비정비,1,1,20,30,20/08/07
궤도장비정비산업기사,내연기관,3,1,20,30,20/08/07
궤도장비정비기능사,과목없음,1,1,60,60,14/09/24
실내건축기능사,과목없음,1,1,60,60,14/09/24
귀금속가공기능사,과목없음,1,1,60,60,14/09/24
방사선비파괴검사기능사,과목없음,1,1,60,60,14/09/24
광학기능사,과목없음,1,1,60,60,14/09/24
초음파비파괴검사기능사,과목없음,1,1,60,60,14/09/24
패세공기능사,과목없음,1,1,60,60,14/09/24
건설재료시험기능사,과목없음,1,1,60,60,14/09/24
가구제작기능사,과목없음,1,1,60,60,14/09/24
금속도장기능사,과목없음,1,1,60,60,14/09/24
제과기능사,과목없음,1,1,60,60,14/09/24
광고도장기능사,과목없음,1,1,60,60,14/09/24
보석가공기능사,과목없음,1,1,60,60,14/09/24
조경기능사,과목없음,1,1,60,60,14/09/24
자수기능사(수자수),과목없음,1,1,60,60,14/09/24
지게차운전기능사,과목없음,1,1,60,60,14/09/24
기계정비기능사,과목없음,1,1,60,60,14/09/24
열처리기능사,과목없음,1,1,60,60,14/09/24
전산응용건축제도기능사,과목없음,1,1,60,60,14/09/24
양식조리산업기사,식품학,2,1,20,30,20/08/07
양식조리산업기사,식품위생 및 관련법규,1,1,20,30,20/08/07
양식조리산업기사,공중보건학,4,1,20,30,20/08/07
농기계운전기능사,과목없음,1,1,60,60,14/09/24
연삭기능사,과목없음,1,1,60,60,14/09/24
농기계정비기능사,과목없음,1,1,60,60,14/09/24
원형기능사,과목없음,1,1,60,60,14/09/24
항공기관정비기능사,과목없음,1,1,60,60,14/09/24
항공장비정비기능사,과목없음,1,1,60,60,14/09/24
항공전자정비기능사,과목없음,1,1,60,60,14/09/24
주조기능사,과목없음,1,1,60,60,14/09/24
자동차차체수리기능사,과목없음,1,1,60,60,14/09/24
항공기체정비기능사,과목없음,1,1,60,60,14/09/24
금속재료시험기능사,과목없음,1,1,60,60,14/09/24
특수용접기능사,과목없음,1,1,60,60,14/09/24
도자기공예기능사,과목없음,1,1,60,60,14/09/24
중식조리기능사,과목없음,1,1,60,60,14/09/24
복어조리기능사,과목없음,1,1,60,60,14/09/24
조주기능사,과목없음,1,1,60,60,14/09/24
피아노조율기능사,과목없음,1,1,60,60,14/09/24
이용사,과목없음,1,1,60,60,14/09/24
한식조리 기능사,과목없음,1,1,60,60,14/09/24
양식조리기능사,과목없음,1,1,60,60,14/09/24
일식조리기능사,과목없음,1,1,60,60,14/09/24
신발류제조기능사,과목없음,1,1,60,60,14/09/24
일식조리산업기사,식품학,2,1,20,30,20/08/07
일식조리산업기사,식품위생 및 관련법규,1,1,20,30,20/08/07
일식조리산업기사,공중보건학,4,1,20,30,20/08/07
복어조리산업기사,식품학,2,1,20,30,20/08/07
복어조리산업기사,식품위생 및 관련법규,1,1,20,30,20/08/07
복어조리산업기사,공중보건학,4,1,20,30,20/08/07
측량기능사,과목없음,1,1,60,60,14/09/24
축로기능사,과목없음,1,1,60,60,14/09/24
롤러운전기능사,과목없음,1,1,60,60,14/09/24
모터그레이더운전기능사,과목없음,1,1,60,60,14/09/24
양화장치운전기능사,과목없음,1,1,60,60,14/09/24
승강기기능사,과목없음,1,1,60,60,14/09/24
세탁기능사,과목없음,1,1,60,60,14/09/24
화약취급기능사,과목없음,1,1,60,60,14/09/24
준설선운전기능사,과목없음,1,1,60,60,14/09/24
통신기기기능사,과목없음,1,1,60,60,14/09/24
로더운전기능사,과목없음,1,1,60,60,14/09/24
목공예기능사,과목없음,1,1,60,60,14/09/24
축산기능사,과목없음,1,1,60,60,14/09/24
식육처리기능사,과목없음,1,1,60,60,14/09/24
기중기운전기능사,과목없음,1,1,60,60,14/09/24
굴삭기운전기능사,과목없음,1,1,60,60,14/09/24
불도저운전기능사,과목없음,1,1,60,60,14/09/24
어로기능사,과목없음,1,1,60,60,14/09/24
잠수기능사,과목없음,1,1,60,60,14/09/24
종자기능사,과목없음,1,1,60,60,14/09/24
지적기능사,과목없음,1,1,60,60,14/09/24
임업종묘기능사,과목없음,1,1,60,60,14/09/24
자수기능사(기계자수),과목없음,1,1,60,60,14/09/24
사진기능사,과목없음,1,1,60,60,14/09/24
컴퓨터그래픽스운용기능사,과목없음,1,1,60,60,14/09/24
사진제판기능사,과목없음,1,1,60,60,14/09/24
기계가공조립기능사,과목없음,1,1,60,60,14/09/24
가스기능사,과목없음,1,1,60,60,14/09/24
직업상담사2급,직업정보론,3,1,20,30,14/09/24
직업상담사2급,직업심리학,2,1,20,30,14/09/24
직업상담사2급,직업상담학,1,1,20,30,14/09/24
직업상담사2급,노동시장론,4,1,20,30,14/09/24
직업상담사2급,노동관계법규,5,1,20,30,14/09/24
사회조사분석사1급,고급조사방법론(II),2,1,30,45,14/09/24
사회조사분석사1급,고급조사방법론(I),1,1,30,45,14/09/24
사회조사분석사1급,고급통계처리및분석,3,1,40,60,14/09/24
사회조사분석사2급,조사방법론(II),2,1,30,45,14/09/24
사회조사분석사2급,조사방법론(I),1,1,30,45,14/09/24
사회조사분석사2급,사회통계,3,1,40,60,14/09/24
건축일반시공기능장,과목없음,1,1,60,60,18/01/12
판금제관기능사,과목없음,1,1,60,60,14/09/24
양복기능사,과목없음,1,1,60,60,14/09/24
섬유화학산업기사,염색 및 가공학,4,1,20,30,14/09/24
섬유화학산업기사,합성섬유학,3,1,20,30,14/09/24
섬유화학산업기사,방적 및 제직학,2,1,20,30,14/09/24
섬유화학산업기사,섬유재료학,1,1,20,30,14/09/24
포장기사,포장재료,3,1,20,30,14/09/24
포장기사,포장일반,1,1,20,30,14/09/24
포장기사,포장시험및평가,5,1,20,30,14/09/24
포장기사,포장기법,4,1,20,30,14/09/24
포장기사,물류관리,2,1,20,30,14/09/24
광산보안기사,화약및발파학,3,1,20,30,14/09/24
광산보안기사,개발공학,1,1,20,30,14/09/24
광산보안기사,암석학및지질학,5,1,20,30,14/09/24
광산보안기사,암석역학,4,1,20,30,14/09/24
광산보안기사,광산기계및전기일반,2,1,20,30,14/09/24
건설기계설비기사,유체기계 및 유압기기,4,1,20,30,14/09/24
건설기계설비기사,건설기계일반및기계제작법,5,1,20,30,14/09/24
건설기계설비기사,재료역학,1,1,20,30,14/09/24
건설기계설비기사,기계열역학,2,1,20,30,14/09/24
건설기계설비기사,기계유체역학,3,1,20,30,14/09/24
제강기능사,과목없음,1,1,60,60,14/09/24
기상감정기사,기상통계,4,1,20,30,14/09/24
기상감정기사,일기해석,3,1,20,30,14/09/24
기상감정기사,감정일반,5,1,20,30,14/09/24
기상감정기사,일반기상학,1,1,20,30,14/09/24
기상감정기사,기상관측법,2,1,20,30,14/09/24
수산제조산업기사,식품위생학,1,1,20,30,14/09/24
수산제조산업기사,수산화학,2,1,20,30,14/09/24
수산제조산업기사,수산가공학,3,1,20,30,14/09/24
수산제조산업기사,냉동냉장학및통조림제조학,4,1,20,30,14/09/24
초음파비파괴검사기사,초음파탐상검사 규격,4,1,20,30,14/09/24
초음파비파괴검사기사,초음파탐상검사 시험,3,1,20,30,14/09/24
초음파비파괴검사기사,초음파탐상검사 원리,2,1,20,30,14/09/24
초음파비파괴검사기사,비파괴검사개론,1,1,20,30,14/09/24
멀티미디어콘텐츠제작전문가,멀티미디어제작기술,4,1,25,35,14/09/24
멀티미디어콘텐츠제작전문가,멀티미디어저작,3,1,25,40,14/09/24
멀티미디어콘텐츠제작전문가,멀티미디어기획및디자인,2,1,25,35,14/09/24
멀티미디어콘텐츠제작전문가,멀티미디어개론,1,1,25,40,14/09/24
컬러리스트산업기사,색채체계의이해,5,1,20,30,20/08/07
컬러리스트산업기사,색채지각의이해,4,1,20,30,20/08/07
컬러리스트산업기사,색채심리,1,1,20,30,20/08/07
컬러리스트산업기사,색채관리,3,1,20,30,20/08/07
컬러리스트산업기사,색채디자인,2,1,20,30,20/08/07
재료조직평가산업기사,조직평가시험기기 운영관리,4,1,20,30,20/08/07
재료조직평가산업기사,현미경조직 및 분석평가기술,3,1,20,30,20/08/07
재료조직평가산업기사,금속조직,2,1,20,30,20/08/07
재료조직평가산업기사,금속재료,1,1,20,30,20/08/07
반도체설계산업기사,집적회로 설계이론,4,1,20,30,20/08/07
반도체설계산업기사,논리회로,3,1,20,30,20/08/07
반도체설계산업기사,전자회로,2,1,20,30,20/08/07
반도체설계산업기사,반도체공학,1,1,20,30,20/08/07
의공기사,의료안전·법규및정보,3,1,20,30,14/09/24
의공기사,의료기기,4,1,20,30,14/09/24
의공기사,의용기계공학,5,1,20,30,14/09/24
의공기사,의용전자공학,2,1,20,30,14/09/24
의공기사,기초의학및의공학,1,1,20,30,14/09/24
전자기기기능사,과목없음,1,1,60,60,14/09/24
석공예기능사,과목없음,1,1,60,60,14/09/24
방송통신기능사,과목없음,1,1,60,60,14/09/24
콘크리트기능사,과목없음,1,1,60,60,14/09/24
침투비파괴검사기능사,과목없음,1,1,60,60,14/09/24
한복기능사,과목없음,1,1,60,60,14/09/24
시추기능사,과목없음,1,1,60,60,14/09/24
선체건조기능사,과목없음,1,1,60,60,14/09/24
염색기능사(침염),과목없음,1,1,60,60,14/09/24
정보처리기능사,과목없음,1,1,60,60,14/09/24
무선설비기능사,과목없음,1,1,60,60,14/09/24
염색기능사(날염),과목없음,1,1,60,60,14/09/24
철도토목기능사,과목없음,1,1,60,60,14/09/24
반도체설계기사,전자회로,2,1,20,30,14/09/24
반도체설계기사,하드웨어기술언어,5,1,20,30,14/09/24
반도체설계기사,집적회로설계이론,4,1,20,30,14/09/24
반도체설계기사,반도체공학,1,1,20,30,14/09/24
반도체설계기사,논리회로,3,1,20,30,14/09/24
전자계산기기능사,과목없음,1,1,60,60,14/09/24
화학분석기능사,과목없음,1,1,60,60,14/09/24
제선기능사,과목없음,1,1,60,60,14/09/24
자동차정비기능사,과목없음,1,1,60,60,14/09/24
건설기계정비기능장,과목없음,1,1,60,60,18/01/12
자기비파괴검사산업기사,자기탐상검사 원리 및 규격,2,1,20,30,20/08/07
자기비파괴검사산업기사,자기탐상검사 시험,3,1,20,30,20/08/07
자기비파괴검사산업기사,비파괴검사개론,1,1,20,30,20/08/07
표면처리기능장,과목없음,1,1,60,60,18/01/12
전기산업기사,전기설비기술기준 및 판단기준,5,1,20,30,20/08/07
전기산업기사,전력공학,2,1,20,30,20/08/07
전기산업기사,전기자기학,1,1,20,30,20/08/07
전기산업기사,전기기기,3,1,20,30,20/08/07
전기산업기사,회로이론,4,1,20,30,20/08/07
공유압기능사,과목없음,1,1,60,60,14/09/24
통신선로기능사,과목없음,1,1,60,60,14/09/24
치공구설계산업기사,치공구재료 및 정밀계측,3,1,20,30,20/08/07
치공구설계산업기사,치공구설계,2,1,20,30,20/08/07
치공구설계산업기사,기계공정설계,4,1,20,30,20/08/07
치공구설계산업기사,정밀가공학,1,1,20,30,20/08/07
정밀측정기능사,과목없음,1,1,60,60,14/09/24
신재생에너지발전설비기사(태양광),태양광발전시스템이론,1,1,20,30,14/09/24
신재생에너지발전설비기사(태양광),태양광발전시스템시공,3,1,20,30,14/09/24
신재생에너지발전설비기사(태양광),태양광발전시스템설계,2,1,20,30,14/09/24
신재생에너지발전설비기사(태양광),신재생에너지관련법규,5,1,20,30,14/09/24
신재생에너지발전설비기사(태양광),태양광발전시스템운영,4,1,20,30,14/09/24
신재생에너지발전설비기능사(태양광),과목없음,1,1,60,60,14/09/24
화약류관리산업기사,발파공학,2,1,20,30,20/08/07
화약류관리산업기사,일반화약학,1,1,20,30,20/08/07
화약류관리산업기사,암석역학,3,1,20,30,20/08/07
사무자동화산업기사,사무자동화시스템,1,1,20,30,20/08/07
사무자동화산업기사,사무경영관리개론,2,1,20,30,20/08/07
사무자동화산업기사,정보통신개론,4,1,20,30,20/08/07
사무자동화산업기사,프로그래밍일반,3,1,20,30,20/08/07
소음진동산업기사,소음진동공정시험기준,2,1,20,30,20/08/07
소음진동산업기사,소음진동방지기술,3,1,20,30,20/08/07
소음진동산업기사,소음진동관계법규,4,1,20,30,20/08/07
소음진동산업기사,소음진동개론,1,1,20,30,20/08/07
그린전동자동차기사,그린전동자동차 전동기와 제어기,2,1,20,30,14/09/25
그린전동자동차기사,그린전동자동차 구동성능,4,1,20,30,14/09/25
그린전동자동차기사,그린전동자동차 배터리,3,1,20,30,14/09/25
그린전동자동차기사,그린전동자동차공학,1,1,20,30,14/09/25
그린전동자동차기사,그린전동자동차 측정과 시험평가,5,1,20,30,14/09/25
조선기사,선박건조공학 및 선박동력장치,5,1,20,30,14/09/24
조선기사,조선공학일반,1,1,20,30,14/09/24
조선기사,조선유체역학,3,1,20,30,14/09/24
조선기사,재료역학,2,1,20,30,14/09/24
조선기사,선체의장및선체구조역학,4,1,20,30,14/09/24
전산응용기계제도기능사,과목없음,1,1,60,60,14/09/24
임베디드기사,임베디드소프트웨어,4,1,20,30,14/09/24
임베디드기사,임베디드하드웨어,1,1,20,30,14/09/24
임베디드기사,임베디드펌웨어,2,1,20,30,14/09/24
임베디드기사,임베디드플랫폼,3,1,20,30,14/09/24
국제의료관광코디네이터,보건의료관광마케팅,3,1,20,30,14/09/24
국제의료관광코디네이터,관광서비스지원관리,4,1,20,30,14/09/24
국제의료관광코디네이터,의학용어 및 질환의 이해,5,1,20,30,14/09/24
국제의료관광코디네이터,보건의료서비스지원관리,2,1,20,30,14/09/24
국제의료관광코디네이터,보건의료관광행정,1,1,20,30,14/09/24
측량및지형공간정보기사,사진측량 및 원격탐사,3,1,20,30,14/09/24
측량및지형공간정보기사,측지학 및 위성측위시스템,1,1,20,30,14/09/24
측량및지형공간정보기사,측량학,5,1,20,30,14/09/24
측량및지형공간정보기사,지리정보시스템,4,1,20,30,14/09/24
측량및지형공간정보기사,응용측량,2,1,20,30,14/09/24
침투비파괴검사기사,침투탐상검사 규격,4,1,20,30,14/09/24
침투비파괴검사기사,침투탐상검사 시험,3,1,20,30,14/09/24
침투비파괴검사기사,침투탐상검사 원리,2,1,20,30,14/09/24
침투비파괴검사기사,비파괴검사개론,1,1,20,30,14/09/24
반도체장비유지보수기능사,과목없음,1,1,60,60,14/09/25
통신선로산업기사,전송선로개론,3,1,20,30,14/09/24
통신선로산업기사,유선통신기기,2,1,20,30,14/09/24
통신선로산업기사,전자계산기일반및선로설비기준,4,1,20,30,14/09/24
통신선로산업기사,디지탈전자회로,1,1,20,30,14/09/24
정보기기운용기능사,과목없음,1,1,60,60,14/09/24
해양공학기사,해양수리학,2,1,20,30,14/09/24
해양공학기사,측량학,4,1,20,30,14/09/24
해양공학기사,해양학개론,1,1,20,30,14/09/24
해양공학기사,재료공학,5,1,20,30,14/09/24
해양공학기사,해양구조공학,3,1,20,30,14/09/24
건축목재시공기능장,과목없음,1,1,60,60,18/01/12
인쇄기능사,과목없음,1,1,60,60,14/09/24
신재생에너지발전설비산업기사(태양광),태양광발전시스템이론,1,1,20,30,20/08/07
신재생에너지발전설비산업기사(태양광),태양광발전시스템시공,2,1,20,30,20/08/07
신재생에너지발전설비산업기사(태양광),신재생에너지관련법규,4,1,20,30,20/08/07
신재생에너지발전설비산업기사(태양광),태양광발전시스템운영,3,1,20,30,20/08/07
화재감식평가산업기사,화재감식론,2,1,20,30,20/08/07
화재감식평가산업기사,화재조사론,1,1,20,30,20/08/07
화재감식평가산업기사,화재조사관계법규 및 피해평가,4,1,20,30,20/08/07
화재감식평가산업기사,증거물관리 및 법과학,3,1,20,30,20/08/07
천공기운전기능사,과목없음,1,1,60,60,14/09/24
온실가스관리기사,기후변화개론,1,1,20,30,14/09/25
온실가스관리기사,온실가스관련 법규,5,1,20,30,14/09/25
온실가스관리기사,온실가스 감축관리,4,1,20,30,14/09/25
온실가스관리기사,온실가스 산정과 데이터 품질관리,3,1,20,30,14/09/25
온실가스관리기사,온실가스 배출의 이해,2,1,20,30,14/09/25
화재감식평가기사,화재조사관계법규,5,1,20,30,14/09/24
화재감식평가기사,화재조사보고 및 피해평가,4,1,20,30,14/09/24
화재감식평가기사,화재감식론,2,1,20,30,14/09/24
화재감식평가기사,화재조사론,1,1,20,30,14/09/24
화재감식평가기사,증거물관리 및 법과학,3,1,20,30,14/09/24
방수산업기사,방수일반,1,1,20,30,20/08/07
방수산업기사,방수유지관리,4,1,20,30,20/08/07
방수산업기사,방수재료,2,1,20,30,20/08/07
방수산업기사,방수시공,3,1,20,30,20/08/07
수산양식기능사,과목없음,1,1,60,60,14/09/24
조화공예기능사,과목없음,1,1,60,60,14/09/24
자기비파괴검사기능사,과목없음,1,1,60,60,14/09/24
제빵기능사,과목없음,1,1,60,60,14/09/24
보석감정사,과목없음,1,1,60,60,14/09/24
버섯종균기능사,과목없음,1,1,60,60,14/09/24
섬유산업기사,염색 및 가공학,3,1,20,30,20/08/07
섬유산업기사,합성섬유학,4,1,20,30,20/08/07
섬유산업기사,방적 및 제직학,1,1,20,30,20/08/07
섬유산업기사,섬유재료학,2,1,20,30,20/08/07
철도전기신호기능사,과목없음,1,1,60,60,14/09/24
광학기기산업기사,광기구,4,1,20,30,20/08/07
광학기기산업기사,광학일반,1,1,20,30,20/08/07
광학기기산업기사,광학기기,2,1,20,30,20/08/07
공조냉동기계기능사,과목없음,1,1,60,60,14/09/24
온실가스관리산업기사,기후변화개론,1,1,20,30,20/08/07
온실가스관리산업기사,온실가스관련 법규,4,1,20,30,20/08/07
온실가스관리산업기사,온실가스 산정과 데이터 품질관리,3,1,20,30,20/08/07
온실가스관리산업기사,온실가스 배출의 이해,2,1,20,30,20/08/07
전산응용조선제도기능사,과목없음,1,1,60,60,14/09/24
산림기능사,과목없음,1,1,60,60,14/09/24
정보처리기사,운영체제,3,1,20,30,14/09/24
정보처리기사,전자계산기구조,2,1,20,30,14/09/24
정보처리기사,소프트웨어공학,4,1,20,30,14/09/24
정보처리기사,데이타통신,5,1,20,30,14/09/24
정보처리기사,데이터베이스,1,1,20,30,14/09/24
건축일반시공산업기사,"조적, 미장, 타일시공 및 재료",2,1,20,30,20/08/07
건축일반시공산업기사,건축일반,1,1,20,30,20/08/07
건축일반시공산업기사,안전관리,3,1,20,30,20/08/07
소비자전문상담사1급,소비자정보관리및조사분석,3,1,40,50,14/09/24
소비자전문상담사1급,소비자상담론,2,1,30,50,14/09/24
소비자전문상담사1급,소비자법과정책,1,1,30,50,14/09/24
웹디자인기능사,과목없음,1,1,60,60,14/09/24
환경기능사,과목없음,1,1,60,60,14/09/24
철도차량산업기사,철도차량공학,3,1,20,30,20/08/07
철도차량산업기사,재료역학,1,1,20,30,20/08/07
철도차량산업기사,내연기관,2,1,20,30,20/08/07
판금제관기능장,과목없음,1,1,60,60,18/01/12
금형기능사,과목없음,1,1,60,60,14/09/24
건설기계정비기능사,과목없음,1,1,60,60,14/09/24
잠수기능장,과목없음,1,1,60,60,19/07/10
섬유기사,섬유시험법,2,1,20,30,14/09/24
섬유기사,염색 및 가공학,4,1,20,30,14/09/24
섬유기사,합성섬유학,5,1,20,30,14/09/24
섬유기사,방적 및 제직학,1,1,20,30,14/09/24
섬유기사,섬유재료학,3,1,20,30,14/09/24
에너지관리기능사,과목없음,1,1,60,60,14/09/24
양장기능사,과목없음,1,1,60,60,14/09/24
임산가공기능사,과목없음,1,1,60,60,14/09/24
광산보안기능사,과목없음,1,1,60,60,14/09/24
위험물기능사,과목없음,1,1,60,60,14/09/24
칠기기능사,과목없음,1,1,60,60,14/09/24
컨테이너크레인운전기능사,과목없음,1,1,60,60,14/09/24
전파전자통신기능사,과목없음,1,1,60,60,14/09/24
방사선비파괴검사기사,방사선투과검사 규격,4,1,20,30,14/09/24
방사선비파괴검사기사,방사선투과검사 시험,3,1,20,30,14/09/24
방사선비파괴검사기사,방사선투과검사 원리,2,1,20,30,14/09/24
방사선비파괴검사기사,비파괴검사개론,1,1,20,30,14/09/24
3D프린터운용기능사,과목없음,1,1,60,60,19/09/16
보석감정산업기사,보석가공,4,1,20,30,20/08/07
떡제조기능사,과목없음,1,1,60,60,20/01/09
미용사(네일),과목없음,1,1,60,60,16/02/16
미용사(메이크업),과목없음,1,1,60,60,16/02/16
중식조리산업기사,조리이론및급식관리,3,1,20,30,20/08/07
보석디자인산업기사,주얼리디자인기획,1,1,20,30,20/08/07
패션머천다이징산업기사,패션상품개발기획,3,1,20,30,20/08/07
패션머천다이징산업기사,패션상품기획,2,1,20,30,20/08/07
측량및지형공간정보산업기사,지리정보시스템(GIS) 및 위성측위시스템(GNSS),3,1,20,30,20/08/07
자동차정비산업기사,자동차섀시,3,1,20,30,20/08/07
자동차정비산업기사,자동차엔진,2,1,20,30,20/08/07
패션머천다이징산업기사,패션상품판매전략,4,1,20,30,20/08/07
보석디자인산업기사,주얼리디자인개발,2,1,20,30,20/08/07
보석디자인산업기사,주얼리디자인그래픽스,3,1,20,30,20/08/07
보석디자인산업기사,주얼리머천다이징,4,1,20,30,20/08/07
화약류제조산업기사,화약류안전관리관계법규,4,1,20,30,20/08/07
한식조리산업기사,조리이론및급식관리,3,1,20,30,20/08/07
패션디자인산업기사,시제품 개발,4,1,20,30,20/08/07
패션디자인산업기사,샘플패턴 제작,3,1,20,30,20/08/07
패션디자인산업기사,패션상품 디자인기획,2,1,20,30,20/08/07
패션디자인산업기사,패션트렌드 분석,1,1,20,30,20/08/07
양식조리산업기사,조리이론및급식관리,3,1,20,30,20/08/07
일식조리산업기사,조리이론및급식관리,3,1,20,30,20/08/07
복어조리산업기사,조리이론및급식관리,3,1,20,30,20/08/07
화약류관리산업기사,화약류안전관리관계법규,4,1,20,30,20/08/07
광학기기산업기사,광전자기초,3,1,20,30,20/08/07
화훼장식산업기사,화훼디자인,3,1,20,30,20/08/07
화훼장식산업기사,화훼장식 상품제작,2,1,20,30,20/08/07
화훼장식산업기사,화훼장식기획 및 매장관리,1,1,20,30,20/08/07
보석감정산업기사,다이아몬드 감정,3,1,20,30,20/08/07
보석감정산업기사,보석 감별,2,1,20,30,20/08/07
보석감정산업기사,보석 특성,1,1,20,30,20/08/07
3D프린터개발산업기사,3D프린터 교정 및 유지보수,4,1,20,30,20/08/07
3D프린터개발산업기사,3D프린터 프로그램,3,1,20,30,20/08/07
3D프린터개발산업기사,3D프린터 장치,2,1,20,30,20/08/07
3D프린터개발산업기사,3D프린터 회로 및 기구,1,1,20,30,20/08/07
바이오화학제품제조산업기사,바이오화학제품환경시설관리,4,1,20,30,20/08/07
바이오화학제품제조산업기사,바이오화학제품품질관리,3,1,20,30,20/08/07
바이오화학제품제조산업기사,배양 및 회수,2,1,20,30,20/08/07
바이오화학제품제조산업기사,배양준비,1,1,20,30,20/08/07
버섯산업기사,버섯병해충,4,1,20,30,20/08/07
버섯산업기사,버섯생육환경,3,1,20,30,20/08/07
버섯산업기사,버섯배지,2,1,20,30,20/08/07
버섯산업기사,버섯종균,1,1,20,30,20/08/07
가구제작산업기사,가구제작,3,1,20,30,20/08/07
가구제작산업기사,가구기획설계,1,1,20,30,20/08/07
가구제작산업기사,가구재료,2,1,20,30,20/08/07
신발산업기사,신발견본 개발,2,1,20,30,20/10/14
신발산업기사,신발 기획 및 디자인,0,1,20,30,20/10/14
신발산업기사,신발 설계,1,1,20,30,20/10/14
포장산업기사,포장재료및시험,2,1,20,30,21/02/05
