콘텐츠유형,콘텐츠분야,콘텐츠명,차시명,제작일,출처
동영상콘텐츠,CAM,CAM_01.작업계획수립 ,01.CAM 작업계획수립,2019-01-22,한국산업인력공단
동영상콘텐츠,CAM,CAM_02.도면해독 ,01.도면결정 및 해독하기,2019-01-22,한국산업인력공단
동영상콘텐츠,CAM,CAM_02.도면해독 ,02.제품원가 산정 및 절감 방안,2019-01-22,한국산업인력공단
동영상콘텐츠,CAM,CAM_03.CNC선반 조작 ,01.CNC선반 조작준비,2019-01-22,한국산업인력공단
동영상콘텐츠,CAM,CAM_03.CNC선반 조작 ,02.CNC선반 조작하기,2019-01-22,한국산업인력공단
동영상콘텐츠,CAM,CAM_03.CNC선반 조작 ,03.제품에 대한 측정 및 검사,2019-01-22,한국산업인력공단
동영상콘텐츠,CAM,CAM_04.CNC선반 가공 프로그래밍(Machine) ,01.CNC선반 선정하기 ,2019-01-22,한국산업인력공단
동영상콘텐츠,CAM,CAM_04.CNC선반 가공 프로그래밍(Machine) ,02.CNC선반 프로그램 작성,2019-01-22,한국산업인력공단
동영상콘텐츠,CAM,CAM_04.CNC선반 가공 프로그래밍(Machine) ,03.CNC선반 프로그램 확인,2019-01-22,한국산업인력공단
동영상콘텐츠,CAM,CAM_05.CNC밀링(머시닝센터) 조작 ,01.CNC밀링 조작준비,2019-01-22,한국산업인력공단
동영상콘텐츠,CAM,CAM_05.CNC밀링(머시닝센터) 조작 ,02.CNC밀링 조작하기,2019-01-22,한국산업인력공단
동영상콘텐츠,CAM,CAM_05.CNC밀링(머시닝센터) 조작 ,03.제품에 대한 측정 및 검사,2019-01-22,한국산업인력공단
동영상콘텐츠,CAM,CAM_06.CNC밀링(머시닝센터) 가공 프로그래밍(Machine) ,01.CNC밀링 가공 프로그램 준비,2019-01-22,한국산업인력공단
동영상콘텐츠,CAM,CAM_06.CNC밀링(머시닝센터) 가공 프로그래밍(Machine) ,02.CNC밀링 가공 프로그램 작성,2019-01-22,한국산업인력공단
동영상콘텐츠,CAM,CAM_06.CNC밀링(머시닝센터) 가공 프로그래밍(Machine) ,03.CNC밀링 가공 프로그램 확인하기,2019-01-22,한국산업인력공단
동영상콘텐츠,CAM,CAM_07. CNC선반가공 프로그래밍(CAM) ,01.CNC선반 가공 프로그램 준비,2019-01-22,한국산업인력공단
동영상콘텐츠,CAM,CAM_07. CNC선반가공 프로그래밍(CAM) ,02.CNC선반 가공 프로그램 작성,2019-01-22,한국산업인력공단
동영상콘텐츠,CAM,CAM_07. CNC선반가공 프로그래밍(CAM) ,03.CNC선반 가공 프로그램 확인하기,2019-01-22,한국산업인력공단
동영상콘텐츠,CAM,CAM_08.CNC밀링(머시닝센터) 가공 CAM 프로그래밍 ,01.CNC밀링 가공프로그램 작성 준비,2019-01-22,한국산업인력공단
동영상콘텐츠,CAM,CAM_08.CNC밀링(머시닝센터) 가공 CAM 프로그래밍 ,02.CNC밀링 가공 데이터 생성을 위한 모델링,2019-01-22,한국산업인력공단
동영상콘텐츠,CAM,CAM_08.CNC밀링(머시닝센터) 가공 CAM 프로그래밍 ,03.가공형상을 고려한 공구 설정 및 가공조건 설정,2019-01-22,한국산업인력공단
동영상콘텐츠,CAM,CAM_08.CNC밀링(머시닝센터) 가공 CAM 프로그래밍 ,04.CNC밀링 가공 프로그램 확인하기,2019-01-22,한국산업인력공단
동영상콘텐츠,CAM,CAM_09.CNC 복합 가공 프로그래밍 ,01.CNC복합 가공기 프로그램 작성준비하기,2019-01-22,한국산업인력공단
동영상콘텐츠,CAM,CAM_09.CNC 복합 가공 프로그래밍 ,02.CNC복합 가공 프로그램 작성 및 확인하기,2019-01-22,한국산업인력공단
동영상콘텐츠,CAM,CAM_10. CNC밀링 5축 가공 프로그래밍 ,01.5축 가공기 개요 및 작업준비,2019-01-22,한국산업인력공단
동영상콘텐츠,CAM,CAM_10. CNC밀링 5축 가공 프로그래밍 ,02.5축 가공 모델링 및 프로그램 작성,2019-01-22,한국산업인력공단
동영상콘텐츠,CAM,CAM_10. CNC밀링 5축 가공 프로그래밍 ,03.5축 CAM 프로그램 작성,2019-01-22,한국산업인력공단
동영상콘텐츠,CAM,CAM_10. CNC밀링 5축 가공 프로그래밍 ,04.5축 가공 프로그램 확인 및 테스트,2019-01-22,한국산업인력공단
동영상콘텐츠,CAM,CAM_11.CNC EDM 가공 프로그래밍 ,01.CNC EDM 가공 프로그래밍 작성 준비 및 기계 선정,2019-01-22,한국산업인력공단
동영상콘텐츠,CAM,CAM_12.CNC EDW 가공 프로그래밍 ,"01.CNC EDW 가공 프로그래밍 작성 및 가공, 측정",2019-01-22,한국산업인력공단
동영상콘텐츠,CAM,CAM_13. 안전규정 준수(CAM) ,01.안전수칙 확인 및 준수하기,2019-01-22,한국산업인력공단
동영상콘텐츠,기계소프트웨어개발,기계소프트웨어개발_01.센서활용 기술 ,01.센서 회로 구성하기,2019-01-22,한국산업인력공단
동영상콘텐츠,기계소프트웨어개발,기계소프트웨어개발_01.센서활용 기술 ,02.센서 신호 받기,2019-01-22,한국산업인력공단
동영상콘텐츠,기계소프트웨어개발,기계소프트웨어개발_01.센서활용 기술 ,03.센서 활용,2019-01-22,한국산업인력공단
동영상콘텐츠,기계소프트웨어개발,기계소프트웨어개발_02.모터제어 ,01.제어방식 설계하기,2019-01-22,한국산업인력공단
동영상콘텐츠,기계소프트웨어개발,기계소프트웨어개발_02.모터제어 ,02.제어회로 구성하기,2019-01-22,한국산업인력공단
동영상콘텐츠,기계소프트웨어개발,기계소프트웨어개발_02.모터제어 ,03.모터 시험 운전,2019-01-22,한국산업인력공단
동영상콘텐츠,기계소프트웨어개발,기계소프트웨어개발_02.모터제어 ,모터 유지 보수,2019-01-22,한국산업인력공단
동영상콘텐츠,기계소프트웨어개발,기계소프트웨어개발_03.유공압제어 ,01.공압제어 회로 구성하기 1,2019-01-22,한국산업인력공단
동영상콘텐츠,기계소프트웨어개발,기계소프트웨어개발_03.유공압제어 ,02.공압제어 회로 구성하기 2,2019-01-22,한국산업인력공단
동영상콘텐츠,기계소프트웨어개발,기계소프트웨어개발_03.유공압제어 ,03.공압 시험 운전하기,2019-01-22,한국산업인력공단
동영상콘텐츠,기계소프트웨어개발,기계소프트웨어개발_03.유공압제어 ,유압제어 회로 구성하기 1,2019-01-22,한국산업인력공단
동영상콘텐츠,기계소프트웨어개발,기계소프트웨어개발_03.유공압제어 ,유압제어 회로 구성하기 2,2019-01-22,한국산업인력공단
동영상콘텐츠,기계소프트웨어개발,기계소프트웨어개발_03.유공압제어 ,시험 운전하기,2019-01-22,한국산업인력공단
동영상콘텐츠,기계소프트웨어개발,기계소프트웨어개발_04.PC제어 프로그램 개발 ,01.모듈별 프로그래밍 1,2019-01-22,한국산업인력공단
동영상콘텐츠,기계소프트웨어개발,기계소프트웨어개발_04.PC제어 프로그램 개발 ,02.모듈별 프로그래밍 2,2019-01-22,한국산업인력공단
동영상콘텐츠,기계소프트웨어개발,기계소프트웨어개발_04.PC제어 프로그램 개발 ,03.프로그램 수정 보완,2019-01-22,한국산업인력공단
동영상콘텐츠,기계소프트웨어개발,기계소프트웨어개발_05. PC제어 프로그램 테스트 ,단위모듈 기능 테스트,2019-01-22,한국산업인력공단
동영상콘텐츠,기계소프트웨어개발,기계소프트웨어개발_06. PLC제어 기본 모듈 프로그램 개발 ,01.PLC기본 프로그래밍 준비하기,2019-01-22,한국산업인력공단
동영상콘텐츠,기계소프트웨어개발,기계소프트웨어개발_06. PLC제어 기본 모듈 프로그램 개발 ,02.PLC 기본 프로그래밍하기 ,2019-01-22,한국산업인력공단
동영상콘텐츠,기계소프트웨어개발,기계소프트웨어개발_06. PLC제어 기본 모듈 프로그램 개발 ,03.시뮬레이션하기,2019-01-22,한국산업인력공단
동영상콘텐츠,기계소프트웨어개발,기계소프트웨어개발_06. PLC제어 기본 모듈 프로그램 개발 ,프로그램 수정보완하기,2019-01-22,한국산업인력공단
동영상콘텐츠,기계소프트웨어개발,기계소프트웨어개발_07. PC제어 특수 모듈 프로그램 개발 ,01.PLC특수 프로그래밍하기 1,2019-01-22,한국산업인력공단
동영상콘텐츠,기계소프트웨어개발,기계소프트웨어개발_07. PC제어 특수 모듈 프로그램 개발 ,02.PLC특수 프로그래밍하기 2,2019-01-22,한국산업인력공단
동영상콘텐츠,기계소프트웨어개발,기계소프트웨어개발_07. PC제어 특수 모듈 프로그램 개발 ,03.시뮬레이션 및 수정 보완,2019-01-22,한국산업인력공단
동영상콘텐츠,기계소프트웨어개발,기계소프트웨어개발_08. PC제어 프로그램 테스트 ,01.단위모듈 기능 테스트,2019-01-22,한국산업인력공단
동영상콘텐츠,기계소프트웨어개발,기계소프트웨어개발_08. PC제어 프로그램 테스트 ,02.프로그램 통합테스트,2019-01-22,한국산업인력공단
동영상콘텐츠,기계소프트웨어개발,기계소프트웨어개발_09.HMI 프로그램 개발 ,01.HMI 기능 정의하기,2019-01-22,한국산업인력공단
동영상콘텐츠,기계소프트웨어개발,기계소프트웨어개발_09.HMI 프로그램 개발 ,02.HMI 제어화면 설계하기,2019-01-22,한국산업인력공단
동영상콘텐츠,기계소프트웨어개발,기계소프트웨어개발_09.HMI 프로그램 개발 ,03.HMI 장치 통합 운용하기,2019-01-22,한국산업인력공단
동영상콘텐츠,디지털디자인,디지털디자인_01.디지털디자인 프로젝트 기획 ,01.프로젝트 파악하기,2019-01-22,한국산업인력공단
동영상콘텐츠,디지털디자인,디지털디자인_01.디지털디자인 프로젝트 기획 ,02.프로젝트 제안하기 1,2019-01-22,한국산업인력공단
동영상콘텐츠,디지털디자인,디지털디자인_01.디지털디자인 프로젝트 기획 ,03.프로젝트 제안하기 2,2019-01-22,한국산업인력공단
동영상콘텐츠,디지털디자인,디지털디자인_01.디지털디자인 프로젝트 기획 ,04.프로젝트 계약하기,2019-01-22,한국산업인력공단
동영상콘텐츠,디지털디자인,디지털디자인_02.디지털디자인 프로젝트 분석설계 ,01.요구사항 분석사용자 정의하기 ,2019-01-22,한국산업인력공단
동영상콘텐츠,디지털디자인,디지털디자인_02.디지털디자인 프로젝트 분석설계 ,02.시장 환경 조사하기,2019-01-22,한국산업인력공단
동영상콘텐츠,디지털디자인,디지털디자인_02.디지털디자인 프로젝트 분석설계 ,03.디자인 방향성 정의하기 ,2019-01-22,한국산업인력공단
동영상콘텐츠,디지털디자인,디지털디자인_02.디지털디자인 프로젝트 분석설계 ,04.정보구조  설계 시나리오 작성하기,2019-01-22,한국산업인력공단
동영상콘텐츠,디지털디자인,디지털디자인_03.프로토타입 제작 ,01.프로토타입 기초 데이터 수집,2019-01-22,한국산업인력공단
동영상콘텐츠,디지털디자인,디지털디자인_03.프로토타입 제작 ,02.프로토타입 아이디어 스케치,2019-01-22,한국산업인력공단
동영상콘텐츠,디지털디자인,디지털디자인_03.프로토타입 제작 ,03.프로토타입 제작,2019-01-22,한국산업인력공단
동영상콘텐츠,디지털디자인,디지털디자인_03.프로토타입 제작 ,04.프로토타입 사용성 테스트,2019-01-22,한국산업인력공단
동영상콘텐츠,디지털디자인,디지털디자인_04.디자인 구성요소 제작 ,01.스토리보드 제작하기,2019-01-22,한국산업인력공단
동영상콘텐츠,디지털디자인,디지털디자인_04.디자인 구성요소 제작 ,02.사용성 구성요소 제작하기,2019-01-22,한국산업인력공단
동영상콘텐츠,디지털디자인,디지털디자인_04.디자인 구성요소 제작 ,03.매체성 구성요소 제작하기 ,2019-01-22,한국산업인력공단
동영상콘텐츠,디지털디자인,디지털디자인_05.구현 ,01.콘텐츠 구성하기 1,2019-01-22,한국산업인력공단
동영상콘텐츠,디지털디자인,디지털디자인_05.구현 ,02.콘텐츠 구성하기 2,2019-01-22,한국산업인력공단
동영상콘텐츠,디지털디자인,디지털디자인_05.구현 ,03.기능요소 구현하기 1,2019-01-22,한국산업인력공단
동영상콘텐츠,디지털디자인,디지털디자인_05.구현 ,04.기능요소 구현하기 2,2019-01-22,한국산업인력공단
동영상콘텐츠,디지털디자인,디지털디자인_06.프로젝트 완료 ,01.산출물 정리하기,2019-01-22,한국산업인력공단
동영상콘텐츠,디지털디자인,디지털디자인_06.프로젝트 완료 ,02.프로젝트 결과 보고서 작성하기,2019-01-22,한국산업인력공단
동영상콘텐츠,디지털디자인,디지털디자인_06.프로젝트 완료 ,03.클라이언트 최종 보고하기,2019-01-22,한국산업인력공단
동영상콘텐츠,보안엔지니어링,보안엔지니어링_01.보안계획 수립 ,01.보안환경 분석하기,2019-01-22,한국산업인력공단
동영상콘텐츠,보안엔지니어링,보안엔지니어링_01.보안계획 수립 ,02.보안목표 수립하기,2019-01-22,한국산업인력공단
동영상콘텐츠,보안엔지니어링,보안엔지니어링_02.보안위험 평가 ,01.보안 위험평가,2019-01-22,한국산업인력공단
동영상콘텐츠,보안엔지니어링,보안엔지니어링_03.보안요구사항 정의 ,01.보안 요구사항 정의,2019-01-22,한국산업인력공단
동영상콘텐츠,보안엔지니어링,보안엔지니어링_04.관리적 보안 구축 ,01.정보보호 정책 수립하기,2019-01-22,한국산업인력공단
동영상콘텐츠,보안엔지니어링,보안엔지니어링_04.관리적 보안 구축 ,02.정보보호 조직 구성하기,2019-01-22,한국산업인력공단
동영상콘텐츠,보안엔지니어링,보안엔지니어링_04.관리적 보안 구축 ,03.인적보안 대책 수립하기,2019-01-22,한국산업인력공단
동영상콘텐츠,보안엔지니어링,보안엔지니어링_05.물리적 보안 구축 ,01.물리적 보호구역 통제하기,2019-01-22,한국산업인력공단
동영상콘텐츠,보안엔지니어링,보안엔지니어링_05.물리적 보안 구축 ,02.시스템 보호하기,2019-01-22,한국산업인력공단
동영상콘텐츠,보안엔지니어링,보안엔지니어링_05.물리적 보안 구축 ,03.사무실 보안 구축하기,2019-01-22,한국산업인력공단
동영상콘텐츠,보안엔지니어링,보안엔지니어링_06.기술적 보안 구축 ,01.응용프로그램 보안설계 구현계획,2019-01-22,한국산업인력공단
동영상콘텐츠,보안엔지니어링,보안엔지니어링_06.기술적 보안 구축 ,02.응용프로그램 보안 구현,2019-01-22,한국산업인력공단
동영상콘텐츠,보안엔지니어링,보안엔지니어링_06.기술적 보안 구축 ,03.서버 보안설계 구현 계획,2019-01-22,한국산업인력공단
동영상콘텐츠,보안엔지니어링,보안엔지니어링_06.기술적 보안 구축 ,04.서버보안 구현,2019-01-22,한국산업인력공단
동영상콘텐츠,보안엔지니어링,보안엔지니어링_06.기술적 보안 구축 ,05.네트워크 보안설계 구현계획,2019-01-22,한국산업인력공단
동영상콘텐츠,보안엔지니어링,보안엔지니어링_06.기술적 보안 구축 ,06.네트워크 보안구현,2019-01-22,한국산업인력공단
동영상콘텐츠,보안엔지니어링,보안엔지니어링_06.기술적 보안 구축 ,07.데이터베이스(DB) 보안설계 구현 계획,2019-01-22,한국산업인력공단
동영상콘텐츠,보안엔지니어링,보안엔지니어링_06.기술적 보안 구축 ,08.데이터베이스(DB) 보안 구현,2019-01-22,한국산업인력공단
동영상콘텐츠,보안엔지니어링,보안엔지니어링_07.보안체계 운영관리 ,01.정보시스템 관리절차 수립,2019-01-22,한국산업인력공단
동영상콘텐츠,보안엔지니어링,보안엔지니어링_07.보안체계 운영관리 ,02.침해사고 대응 및 IT재해복구 체계 수립,2019-01-22,한국산업인력공단
동영상콘텐츠,보안엔지니어링,보안엔지니어링_08.보안위협 관리통제 ,01.보안위협 탐지 및 분석,2019-01-22,한국산업인력공단
동영상콘텐츠,보안엔지니어링,보안엔지니어링_08.보안위협 관리통제 ,02.보안위협 사후처리하기,2019-01-22,한국산업인력공단
동영상콘텐츠,보안엔지니어링,보안엔지니어링_09.보안감사 수행 ,01.보안감사 계획하기,2019-01-22,한국산업인력공단
동영상콘텐츠,보안엔지니어링,보안엔지니어링_09.보안감사 수행 ,02.보안감사 수행하기,2019-01-22,한국산업인력공단
동영상콘텐츠,보안엔지니어링,보안엔지니어링_10. 보안인증 관리 ,01.보안인증 심사받기,2019-01-22,한국산업인력공단
동영상콘텐츠,보안엔지니어링,보안엔지니어링_10. 보안인증 관리 ,02.보안인증 사후 관리하기,2019-01-22,한국산업인력공단
동영상콘텐츠,빅데이터분석,빅데이터분석_01.빅데이터 분석 기획 ,01.빅데이터 분석목표 수립하기,2019-01-22,한국산업인력공단
동영상콘텐츠,빅데이터분석,빅데이터분석_01.빅데이터 분석 기획 ,02.빅데이터 프로젝트 계획 수립,2019-01-22,한국산업인력공단
동영상콘텐츠,빅데이터분석,빅데이터분석_02. 통계 기반 데이터 분석 ,01.가설 설정하기,2019-01-22,한국산업인력공단
동영상콘텐츠,빅데이터분석,빅데이터분석_02. 통계 기반 데이터 분석 ,02.빅데이터 모델 개발과 검증,2019-01-22,한국산업인력공단
동영상콘텐츠,빅데이터분석,빅데이터분석_02. 통계 기반 데이터 분석 ,03.빅데이터 모델 운영방안 마련하기,2019-01-22,한국산업인력공단
동영상콘텐츠,빅데이터분석,빅데이터분석_03.머신러닝 기반 데이터 분석 ,01.머신러닝 기반 데이터 분석 기획,2019-01-22,한국산업인력공단
동영상콘텐츠,빅데이터분석,빅데이터분석_03.머신러닝 기반 데이터 분석 ,02.지도학습 모델 적용하기 ,2019-01-22,한국산업인력공단
동영상콘텐츠,빅데이터분석,빅데이터분석_03.머신러닝 기반 데이터 분석 ,03.자율학습 모델 적용하기 ,2019-01-22,한국산업인력공단
동영상콘텐츠,빅데이터분석,빅데이터분석_03.머신러닝 기반 데이터 분석 ,04.모델성능 평가하기,2019-01-22,한국산업인력공단
동영상콘텐츠,빅데이터분석,빅데이터분석_04.텍스트마이닝 기반 데이터 분석 ,01.텍스트 모델 구축과 구조화,2019-01-22,한국산업인력공단
동영상콘텐츠,빅데이터분석,빅데이터분석_04.텍스트마이닝 기반 데이터 분석 ,02.텍스트 분류 결과 평가 및 해석,2019-01-22,한국산업인력공단
동영상콘텐츠,빅데이터분석,빅데이터분석_05.빅데이터 분석 결과 시각화 ,01.분석결과 스토리텔링하기,2019-01-22,한국산업인력공단
동영상콘텐츠,빅데이터분석,빅데이터분석_05.빅데이터 분석 결과 시각화 ,02.분석정보 시각 표현과 전달,2019-01-22,한국산업인력공단
동영상콘텐츠,소형무인기운용·조종,소형무인기운용·조종_01.소형무인기 지상 운용 ,01.소형무인기 지상운용,2019-01-22,한국산업인력공단
동영상콘텐츠,소형무인기운용·조종,소형무인기운용·조종_02.03.소형무인기 비행 전 준비 및 전후 점검 ,01.소형무인기 비행계획 설정과 비행 점검,2019-01-22,한국산업인력공단
동영상콘텐츠,소형무인기운용·조종,소형무인기운용·조종_04.회전익 소형무인기 비행 ,01.회전익 소형 무인기 조종하기,2019-01-22,한국산업인력공단
동영상콘텐츠,소형무인기운용·조종,소형무인기운용·조종_04.회전익 소형무인기 비행 ,02.회전익 소형 무인기 현장비행,2019-01-22,한국산업인력공단
동영상콘텐츠,소형무인기운용·조종,소형무인기운용·조종_05.고정익 소형무인기 비행 ,01.고정익 소형 무인기 조종하기,2019-01-22,한국산업인력공단
동영상콘텐츠,소형무인기운용·조종,소형무인기운용·조종_05.고정익 소형무인기 비행 ,02.고정익 소형 무인기 현장비행,2019-01-22,한국산업인력공단
동영상콘텐츠,소형무인기운용·조종,소형무인기운용·조종_06. 소형무인기 내부 조종 ,01.소형무인기 내부 조종,2019-01-22,한국산업인력공단
동영상콘텐츠,소형무인기운용·조종,소형무인기운용·조종_07. 소형무인기 비정상 상황 대처 ,01.소형무인기 비정상 상황 대처,2019-01-22,한국산업인력공단
동영상콘텐츠,소형무인기운용·조종,소형무인기운용·조종_08.09.회전익 및 고정익 소형무인기 팀 운용 ,01.소형무인기 팀 운용,2019-01-22,한국산업인력공단
동영상콘텐츠,소형무인기운용·조종,소형무인기운용·조종_10. 소형무인기 촬영 운용 ,01.소형무인기 촬영 운용,2019-01-22,한국산업인력공단
동영상콘텐츠,소형무인기운용·조종,소형무인기운용·조종_11. 소형무인기 살포 운용 ,01.소형무인기 살포운용,2019-01-22,한국산업인력공단
동영상콘텐츠,소형무인기운용·조종,소형무인기운용·조종_12.13.14.소형무인기 감지/이송/콘텐츠 운용 ,01.소형무인기 감지이송콘텐츠 운용,2019-01-22,한국산업인력공단
동영상콘텐츠,소형무인기운용·조종,소형무인기운용·조종_15. 소형무인기 공간정보 운용 ,01.공간정보 촬영 계획 및 관리,2019-01-22,한국산업인력공단
동영상콘텐츠,소형무인기운용·조종,소형무인기운용·조종_15. 소형무인기 공간정보 운용 ,02.공간정보 촬영 비행하기,2019-01-22,한국산업인력공단
동영상콘텐츠,임베디드SW엔지니어링,임베디드SW엔지니어링_01.하드웨어 분석 ,01.임베디드시스템 개요(프로토),2019-01-22,한국산업인력공단
동영상콘텐츠,임베디드SW엔지니어링,임베디드SW엔지니어링_01.하드웨어 분석 ,02.하드웨어 분석,2019-01-22,한국산업인력공단
동영상콘텐츠,임베디드SW엔지니어링,임베디드SW엔지니어링_02.펌웨어 분석 설계 ,01.펌웨어 분석,2019-01-22,한국산업인력공단
동영상콘텐츠,임베디드SW엔지니어링,임베디드SW엔지니어링_02.펌웨어 분석 설계 ,02.펌웨어 설계,2019-01-22,한국산업인력공단
동영상콘텐츠,임베디드SW엔지니어링,임베디드SW엔지니어링_03 펌웨어 구현 ,01.펌웨어 구현 환경 구축,2019-01-22,한국산업인력공단
동영상콘텐츠,임베디드SW엔지니어링,임베디드SW엔지니어링_03 펌웨어 구현 ,02.펌웨어 구현 환경 구축,2019-01-22,한국산업인력공단
동영상콘텐츠,임베디드SW엔지니어링,임베디드SW엔지니어링_04.운영체제 이식 ,01.운영치제 커널 분석,2019-01-22,한국산업인력공단
동영상콘텐츠,임베디드SW엔지니어링,임베디드SW엔지니어링_04.운영체제 이식 ,02.운영체제 이식,2019-01-22,한국산업인력공단
동영상콘텐츠,임베디드SW엔지니어링,임베디드SW엔지니어링_05.디바이스 드라이버 분석 설계 ,01.디받이스 드라이버 분석,2019-01-22,한국산업인력공단
동영상콘텐츠,임베디드SW엔지니어링,임베디드SW엔지니어링_05.디바이스 드라이버 분석 설계 ,02.디바이스 드라이버 설계,2019-01-22,한국산업인력공단
동영상콘텐츠,임베디드SW엔지니어링,임베디드SW엔지니어링_06.디바이스 드라이버 구현 ,01.디바이스 드라이버 구현 환경 구축,2019-01-22,한국산업인력공단
동영상콘텐츠,임베디드SW엔지니어링,임베디드SW엔지니어링_06.디바이스 드라이버 구현 ,02.디바이스 드라이버 구현 환경 구축,2019-01-22,한국산업인력공단
동영상콘텐츠,임베디드SW엔지니어링,임베디드SW엔지니어링_07.임베디드 애플리케이션 분석 설계 ,임베디드 애플리케이션 분석,2019-01-22,한국산업인력공단
동영상콘텐츠,임베디드SW엔지니어링,임베디드SW엔지니어링_07.임베디드 애플리케이션 분석 설계 ,임베디드 애플리케이션 설계,2019-01-22,한국산업인력공단
동영상콘텐츠,임베디드SW엔지니어링,임베디드SW엔지니어링_08.임베디드 애플리케이션 구현 ,임베디드 애플리케이션 개발 환경 구축,2019-01-22,한국산업인력공단
동영상콘텐츠,임베디드SW엔지니어링,임베디드SW엔지니어링_08.임베디드 애플리케이션 구현 ,임베디드 애플리케이션 구현,2019-01-22,한국산업인력공단
동영상콘텐츠,임베디드SW엔지니어링,임베디드SW엔지니어링_09.임베디드 시스템 테스팅 ,임베디드 시스템 테스트,2019-01-22,한국산업인력공단
동영상콘텐츠,임베디드SW엔지니어링,임베디드SW엔지니어링_09.임베디드 시스템 테스팅 ,임베디드 시스템 변경 관리,2019-01-22,한국산업인력공단
동영상콘텐츠,임베디드SW엔지니어링,임베디드SW엔지니어링_10.기술문서 개발 ,기술문서 작성 및 사용자 매뉴얼 작성,2019-01-22,한국산업인력공단
동영상콘텐츠,피복아크용접,피복아크용접_01.02.피복아크용접 재료 및 장비 준비 ,01.피복아크용접 재료 및 장비준비,2019-01-22,한국산업인력공단
동영상콘텐츠,피복아크용접,피복아크용접_03. 피복아크용접 가용접 작업 ,01.모재 재질 및 치수확인과 용접부 가용접하기,2019-01-22,한국산업인력공단
동영상콘텐츠,피복아크용접,피복아크용접_04.피복아크용접 비드쌓기 ,01.직선비드 용접하기,2019-01-22,한국산업인력공단
동영상콘텐츠,피복아크용접,피복아크용접_04.피복아크용접 비드쌓기 ,"02.위빙 용접하기 1(아래보기자세, 수직자세)",2019-01-22,한국산업인력공단
동영상콘텐츠,피복아크용접,피복아크용접_04.피복아크용접 비드쌓기 ,"03.위빙 용접하기 2(위보기자세, 수평자세)",2019-01-22,한국산업인력공단
동영상콘텐츠,피복아크용접,피복아크용접_05.피복아크용접 맞대기용접 ,01.아래보기 자세 맞대기 용접하기,2019-01-22,한국산업인력공단
동영상콘텐츠,피복아크용접,피복아크용접_05.피복아크용접 맞대기용접 ,02.수직자세 맞대기 용접하기,2019-01-22,한국산업인력공단
동영상콘텐츠,피복아크용접,피복아크용접_05.피복아크용접 맞대기용접 ,03.수평자세 맞대기 용접하기,2019-01-22,한국산업인력공단
동영상콘텐츠,피복아크용접,피복아크용접_05.피복아크용접 맞대기용접 ,04.위보기자세 맞대기 용접하기,2019-01-22,한국산업인력공단
동영상콘텐츠,피복아크용접,피복아크용접_06.피복아크용접 필렛용접 ,"01.T형 필렛 용접하기 1(아래보기자세, 수평자세)",2019-01-22,한국산업인력공단
동영상콘텐츠,피복아크용접,피복아크용접_06.피복아크용접 필렛용접 ,"02.T형 필렛 용접하기 2(수직자세, 위보기자세)",2019-01-22,한국산업인력공단
동영상콘텐츠,피복아크용접,피복아크용접_06.피복아크용접 필렛용접 ,"03.모서리 용접하기 1(아래보기자세, 수평자세)",2019-01-22,한국산업인력공단
동영상콘텐츠,피복아크용접,피복아크용접_06.피복아크용접 필렛용접 ,"04.모서리 용접하기 2(수직자세, 위보기자세)",2019-01-22,한국산업인력공단
동영상콘텐츠,피복아크용접,피복아크용접_07. 피복아크용접 파이프용접 ,01.파이프 필렛 용접하기,2019-01-22,한국산업인력공단
동영상콘텐츠,피복아크용접,피복아크용접_07. 피복아크용접 파이프용접 ,02.파이프 맞대기 용접하기,2019-01-22,한국산업인력공단
동영상콘텐츠,피복아크용접,피복아크용접_08.09.피복아크용접부 검사 및 결합부 보수용접 작업 ,01.피복아크용접부 검사 및 결함부 보수용접 작업,2019-01-22,한국산업인력공단
동영상콘텐츠,3D프린터개발,3D프린터개발_01.시장분석,01.시장조사 및 법규 검토하기,2018-03-05,한국산업인력공단
동영상콘텐츠,3D프린터개발,3D프린터개발_01.시장분석,02.기술방식 비교하기,2018-03-05,한국산업인력공단
동영상콘텐츠,3D프린터개발,3D프린터개발_02.개발계획 수립,01.기술방식 선정하기,2018-03-05,한국산업인력공단
동영상콘텐츠,3D프린터개발,3D프린터개발_02.개발계획 수립,02.원가분석 및 개발계획서 작성하기,2018-03-05,한국산업인력공단
동영상콘텐츠,3D프린터개발,3D프린터개발_03.소재개발,01.소재개발,2018-03-05,한국산업인력공단
동영상콘텐츠,3D프린터개발,3D프린터개발_04.회로개발,01.설계 조건 분석하기,2018-03-05,한국산업인력공단
동영상콘텐츠,3D프린터개발,3D프린터개발_04.회로개발,02.제어회로 설계 및 신뢰성 확보하기,2018-03-05,한국산업인력공단
동영상콘텐츠,3D프린터개발,3D프린터개발_05.기구개발,01.기구 검토하기,2018-03-05,한국산업인력공단
동영상콘텐츠,3D프린터개발,3D프린터개발_05.기구개발,02.기구 설계 및 기구안정성 확보하기,2018-03-05,한국산업인력공단
동영상콘텐츠,3D프린터개발,3D프린터개발_06.구동장치개발,01.이송장치 및 수평인식장치 개발하기,2018-03-05,한국산업인력공단
동영상콘텐츠,3D프린터개발,3D프린터개발_06.구동장치개발,02.소재재사용 장치개발,2018-03-05,한국산업인력공단
동영상콘텐츠,3D프린터개발,3D프린터개발_07.빌드장치개발,01.노즐 설계하기,2018-03-05,한국산업인력공단
동영상콘텐츠,3D프린터개발,3D프린터개발_07.빌드장치개발,02.광학모듈 및 하이브리드 설계하기,2018-03-05,한국산업인력공단
동영상콘텐츠,3D프린터개발,3D프린터개발_08.제어프로그램개발,01.제어프로그램 개발계획 수립 및 개발하기,2018-03-05,한국산업인력공단
동영상콘텐츠,3D프린터개발,3D프린터개발_08.제어프로그램개발,02.제어프로그램 검증하기,2018-03-05,한국산업인력공단
동영상콘텐츠,3D프린터개발,3D프린터개발_09.응용소프트웨어개발,01.프로그램 호환성 검토하기,2018-03-05,한국산업인력공단
동영상콘텐츠,3D프린터개발,3D프린터개발_09.응용소프트웨어개발,02.사용자 인터페이스프로그램 및 CAM시뮬레이션,2018-03-05,한국산업인력공단
동영상콘텐츠,3D프린터개발,3D프린터개발_10.품질보증,01.성능 개선 및 신뢰성 검증하기,2018-03-05,한국산업인력공단
동영상콘텐츠,3D프린터개발,3D프린터개발_10.품질보증,02.규격인증 진행하기,2018-03-05,한국산업인력공단
동영상콘텐츠,3D프린터용제품제작,3D프린터용제품제작_01.시장조사,01.시장 동향 분석하기,2018-03-05,한국산업인력공단
동영상콘텐츠,3D프린터용제품제작,3D프린터용제품제작_01.시장조사,02.시장조사,2018-03-05,한국산업인력공단
동영상콘텐츠,3D프린터용제품제작,3D프린터용제품제작_02.제품기획,01.기획제품 설정하기,2018-03-05,한국산업인력공단
동영상콘텐츠,3D프린터용제품제작,3D프린터용제품제작_02.제품기획,02.디자인 결정 및 출력방식 선택하기,2018-03-05,한국산업인력공단
동영상콘텐츠,3D프린터용제품제작,3D프린터용제품제작_03.제품스캐닝,01.스캐너 결정하기,2018-03-05,한국산업인력공단
동영상콘텐츠,3D프린터용제품제작,3D프린터용제품제작_03.제품스캐닝,02.대상물 스캔 및 스캔 데이터 보정하기,2018-03-05,한국산업인력공단
동영상콘텐츠,3D프린터용제품제작,3D프린터용제품제작_04.디자인 모델링,01.3D 디자인 객체 형성하기,2018-03-05,한국산업인력공단
동영상콘텐츠,3D프린터용제품제작,3D프린터용제품제작_04.디자인 모델링,02.3D 디자인 객체 조립 및 출력용 디자인 수정하기,2018-03-05,한국산업인력공단
동영상콘텐츠,3D프린터용제품제작,3D프린터용제품제작_05. 엔지니어링모델링,01.2D 스케치 및 3D 엔지니어링 객체 형성하기,2018-03-05,한국산업인력공단
동영상콘텐츠,3D프린터용제품제작,3D프린터용제품제작_05. 엔지니어링모델링,02.객체 조립 및 출력용 설계 수정하기,2018-03-05,한국산업인력공단
동영상콘텐츠,3D프린터용제품제작,3D프린터용제품제작_06.출력용데이터 확정,01.문제점 파악하기,2018-03-05,한국산업인력공단
동영상콘텐츠,3D프린터용제품제작,3D프린터용제품제작_06.출력용데이터 확정,02.데이터 수정 및 수정 데이터 재생성하기,2018-03-05,한국산업인력공단
동영상콘텐츠,3D프린터용제품제작,3D프린터용제품제작_07.3D프린터 SW 설정,01.지지대 설정하기,2018-03-05,한국산업인력공단
동영상콘텐츠,3D프린터용제품제작,3D프린터용제품제작_07.3D프린터 SW 설정,02.슬라이싱 및 G 코드 생성하기,2018-03-05,한국산업인력공단
동영상콘텐츠,3D프린터용제품제작,3D프린터용제품제작_08.3D프린터 HW 설정,01.소재 준비 및 데이터 준비하기,2018-03-05,한국산업인력공단
동영상콘텐츠,3D프린터용제품제작,3D프린터용제품제작_08.3D프린터 HW 설정,02.장비 출력 설정하기,2018-03-05,한국산업인력공단
동영상콘텐츠,3D프린터용제품제작,3D프린터용제품제작_09.제품출력,01.출력 과정 확인하기,2018-03-05,한국산업인력공단
동영상콘텐츠,3D프린터용제품제작,3D프린터용제품제작_09.제품출력,02.출력 오류 대체 및 출력물 회수하기,2018-03-05,한국산업인력공단
동영상콘텐츠,3D프린터용제품제작,3D프린터용제품제작_10.후가공,01.후가공,2018-03-05,한국산업인력공단
동영상콘텐츠,가스텅스텐아크용접,가스텅스텐아크용접_01.작업안전보건관리,01.용접작업 안전수칙 파악하기,2018-03-05,한국산업인력공단
동영상콘텐츠,가스텅스텐아크용접,가스텅스텐아크용접_02.도면해독,01.도면 해독하기,2018-03-05,한국산업인력공단
동영상콘텐츠,가스텅스텐아크용접,가스텅스텐아크용접_02.도면해독,02.용접절차사양서 파악하기,2018-03-05,한국산업인력공단
동영상콘텐츠,가스텅스텐아크용접,가스텅스텐아크용접_03.재료준비,01.재료준비하기,2018-03-05,한국산업인력공단
동영상콘텐츠,가스텅스텐아크용접,가스텅스텐아크용접_04.장비준비,01.용접장비 설치하기,2018-03-05,한국산업인력공단
동영상콘텐츠,가스텅스텐아크용접,가스텅스텐아크용접_05.가용접 작업,01.모재 치수와 그루브 가공 확인,2018-03-05,한국산업인력공단
동영상콘텐츠,가스텅스텐아크용접,가스텅스텐아크용접_06.본용접 작업,01.용접부 온도관리,2018-03-05,한국산업인력공단
동영상콘텐츠,가스텅스텐아크용접,가스텅스텐아크용접_06.본용접 작업,02.탄소강의 기초용접 준비 및 설정,2018-03-05,한국산업인력공단
동영상콘텐츠,가스텅스텐아크용접,가스텅스텐아크용접_06.본용접 작업,03.탄소강의기초용접(1),2018-03-05,한국산업인력공단
동영상콘텐츠,가스텅스텐아크용접,가스텅스텐아크용접_06.본용접 작업,04.탄소강의기초용접(2),2018-03-05,한국산업인력공단
동영상콘텐츠,가스텅스텐아크용접,가스텅스텐아크용접_06.본용접 작업,05.스테인리스강의 기초용접,2018-03-05,한국산업인력공단
동영상콘텐츠,가스텅스텐아크용접,가스텅스텐아크용접_06.본용접 작업,06.알루미늄강의 기초용접,2018-03-05,한국산업인력공단
동영상콘텐츠,가스텅스텐아크용접,가스텅스텐아크용접_06.본용접 작업,07.응용용접 준비,2018-03-05,한국산업인력공단
동영상콘텐츠,가스텅스텐아크용접,가스텅스텐아크용접_06.본용접 작업,08.탄소강의 응용용접(1),2018-03-05,한국산업인력공단
동영상콘텐츠,가스텅스텐아크용접,가스텅스텐아크용접_06.본용접 작업,09.탄소강의 응용용접(2),2018-03-05,한국산업인력공단
동영상콘텐츠,가스텅스텐아크용접,가스텅스텐아크용접_06.본용접 작업,10.스테인리스강의 응용용접,2018-03-05,한국산업인력공단
동영상콘텐츠,가스텅스텐아크용접,가스텅스텐아크용접_06.본용접 작업,11.알루미늄판의 응용용접,2018-03-05,한국산업인력공단
동영상콘텐츠,가스텅스텐아크용접,가스텅스텐아크용접_06.본용접 작업,12.탄소강 구조물 용접,2018-03-05,한국산업인력공단
동영상콘텐츠,가스텅스텐아크용접,가스텅스텐아크용접_06.본용접 작업,13.스테인리스강 구조물 용접,2018-03-05,한국산업인력공단
동영상콘텐츠,가스텅스텐아크용접,가스텅스텐아크용접_06.본용접 작업,14.알루미늄 구조물 용접,2018-03-05,한국산업인력공단
동영상콘텐츠,가스텅스텐아크용접,가스텅스텐아크용접_07.가스텅스텐아크용접부 검사,01.용접검사하기,2018-03-05,한국산업인력공단
동영상콘텐츠,가스텅스텐아크용접,가스텅스텐아크용접_08.결함부 보수용접 작업,01.용접결함 확인하기,2018-03-05,한국산업인력공단
동영상콘텐츠,가스텅스텐아크용접,가스텅스텐아크용접_08.결함부 보수용접 작업,02.용접결함 보수하기,2018-03-05,한국산업인력공단
동영상콘텐츠,가스텅스텐아크용접,가스텅스텐아크용접_09.작업 후 정리정돈,01.작업 후 정리정돈,2018-03-05,한국산업인력공단
동영상콘텐츠,밀링가공,밀링가공_01.작업계획수립,01.작업사항 결정 및 수립하기,2018-03-05,한국산업인력공단
동영상콘텐츠,밀링가공,밀링가공_01.작업계획수립,02.작업계획 검토 및 인원 배분하기,2018-03-05,한국산업인력공단
동영상콘텐츠,밀링가공,밀링가공_02.작업장 유지관리,01.작업장 유지관리하기,2018-03-05,한국산업인력공단
동영상콘텐츠,밀링가공,밀링가공_03.도면해독,01.밀링 가공도면 결정하기,2018-03-05,한국산업인력공단
동영상콘텐츠,밀링가공,밀링가공_03.도면해독,02.밀링 가공도면 해독 및 원가 산정하기,2018-03-05,한국산업인력공단
동영상콘텐츠,밀링가공,밀링가공_04.기본작업,01.기본 작업 준비하기,2018-03-05,한국산업인력공단
동영상콘텐츠,밀링가공,밀링가공_04.기본작업,02.기본 본 가공 수행하기,2018-03-05,한국산업인력공단
동영상콘텐츠,밀링가공,밀링가공_04.기본작업,03.기본 작업 검사 및 수정하기,2018-03-05,한국산업인력공단
동영상콘텐츠,밀링가공,밀링가공_05.평면·총형가공,01.평면 · 총형 가공 작업준비하기,2018-03-05,한국산업인력공단
동영상콘텐츠,밀링가공,밀링가공_05.평면·총형가공,02.평면 · 총형 가공 본 가공 장비 및 절삭 조건 설정하기,2018-03-05,한국산업인력공단
동영상콘텐츠,밀링가공,밀링가공_05.평면·총형가공,03.평면 · 총형 가공 본 가공 수정 및 총형 가공하기,2018-03-05,한국산업인력공단
동영상콘텐츠,밀링가공,밀링가공_05.평면·총형가공,04.평면 · 총형 가공 검사 및 수정하기,2018-03-05,한국산업인력공단
동영상콘텐츠,밀링가공,밀링가공_06.탭·드릴·보링가공,01.탭 가공 수행하기,2018-03-05,한국산업인력공단
동영상콘텐츠,밀링가공,밀링가공_06.탭·드릴·보링가공,02.직육면체 가공 수행하기,2018-03-05,한국산업인력공단
동영상콘텐츠,밀링가공,밀링가공_06.탭·드릴·보링가공,03.드릴 가공 수행하기,2018-03-05,한국산업인력공단
동영상콘텐츠,밀링가공,밀링가공_06.탭·드릴·보링가공,04.리머 및 자리파기 가공 수행하기,2018-03-05,한국산업인력공단
동영상콘텐츠,밀링가공,밀링가공_06.탭·드릴·보링가공,05.보링 가공 수행하기,2018-03-05,한국산업인력공단
동영상콘텐츠,밀링가공,밀링가공_06.탭·드릴·보링가공,06.탭 · 드릴 · 보링 가공 검사 및 수정하기,2018-03-05,한국산업인력공단
동영상콘텐츠,밀링가공,밀링가공_07.엔드밀 가공,01.엔드밀 가공 작업준비 및 육면체 가공하기,2018-03-05,한국산업인력공단
동영상콘텐츠,밀링가공,밀링가공_07.엔드밀 가공,02.엔드밀 계단 가공하기,2018-03-05,한국산업인력공단
동영상콘텐츠,밀링가공,밀링가공_07.엔드밀 가공,03.엔드밀 계단 홈 끼워 맞춤하기,2018-03-05,한국산업인력공단
동영상콘텐츠,밀링가공,밀링가공_07.엔드밀 가공,04.엔드밀 구배 홈 가공 끼워 맞춤하기,2018-03-05,한국산업인력공단
동영상콘텐츠,밀링가공,밀링가공_07.엔드밀 가공,05.엔드밀 테이퍼 홈 끼워 맞춤하기,2018-03-05,한국산업인력공단
동영상콘텐츠,밀링가공,밀링가공_07.엔드밀 가공,06.엔드밀 T홈 가공하기,2018-03-05,한국산업인력공단
동영상콘텐츠,밀링가공,밀링가공_07.엔드밀 가공,07.엔드밀 더브테일 홈 가공하기,2018-03-05,한국산업인력공단
동영상콘텐츠,밀링가공,밀링가공_07.엔드밀 가공,08.엔드밀 가공 검사 및 수정하기,2018-03-05,한국산업인력공단
동영상콘텐츠,밀링가공,밀링가공_08.치공구 관리,01.밀링 치공구 제작 계획하기,2018-03-05,한국산업인력공단
동영상콘텐츠,밀링가공,밀링가공_08.치공구 관리,02.밀링 치공구 설계 제작 및 유지 관리하기,2018-03-05,한국산업인력공단
동영상콘텐츠,밀링가공,밀링가공_09.안전대책 수립,01.안전수칙 확인 및 안전교육 수행하기,2018-03-05,한국산업인력공단
동영상콘텐츠,밀링가공,밀링가공_09.안전대책 수립,02.사고처리 및 예방·개선 수행하기,2018-03-05,한국산업인력공단
동영상콘텐츠,밀링가공,밀링가공_10.품질개선활동,01.불량 문제 분석하기,2018-03-05,한국산업인력공단
동영상콘텐츠,밀링가공,밀링가공_10.품질개선활동,02.불량 처리 및 품질 개선하기,2018-03-05,한국산업인력공단
동영상콘텐츠,선반가공,선반가공_01.작업계획수립,01.작업사항 결정 및 작업계획 수립·검토하기,2018-03-05,한국산업인력공단
동영상콘텐츠,선반가공,선반가공_01.작업계획수립,02.인원배분 및 공구선정·절삭조건 결정하기,2018-03-05,한국산업인력공단
동영상콘텐츠,선반가공,선반가공_01.작업계획수립,03.안전 규정 준수·관리하기,2018-03-05,한국산업인력공단
동영상콘텐츠,선반가공,선반가공_02.공구선정,01.측정 준비하기,2018-03-05,한국산업인력공단
동영상콘텐츠,선반가공,선반가공_02.공구선정,02.절삭공구 선정 및 공구 유지 관리하기,2018-03-05,한국산업인력공단
동영상콘텐츠,선반가공,선반가공_03.도면해독,01.도면 해독하기,2018-03-05,한국산업인력공단
동영상콘텐츠,선반가공,선반가공_03.도면해독,02.도면 결정 및 원가 산정하기,2018-03-05,한국산업인력공단
동영상콘텐츠,선반가공,선반가공_04.기본작업,01.공작물 고정 및 계단 가공,2018-03-05,한국산업인력공단
동영상콘텐츠,선반가공,선반가공_04.기본작업,02.평행축의 단면 및 외경 가공,2018-03-05,한국산업인력공단
동영상콘텐츠,선반가공,선반가공_05.단순형상작업,01.계단축 가공,2018-03-05,한국산업인력공단
동영상콘텐츠,선반가공,선반가공_05.단순형상작업,02.널링 가공,2018-03-05,한국산업인력공단
동영상콘텐츠,선반가공,선반가공_06.홈·테이퍼작업,01.내경 가공,2018-03-05,한국산업인력공단
동영상콘텐츠,선반가공,선반가공_06.홈·테이퍼작업,02. 홈 가공,2018-03-05,한국산업인력공단
동영상콘텐츠,선반가공,선반가공_06.홈·테이퍼작업,03. 내경 홈 가공,2018-03-05,한국산업인력공단
동영상콘텐츠,선반가공,선반가공_06.홈·테이퍼작업,04. 테이퍼 가공,2018-03-05,한국산업인력공단
동영상콘텐츠,선반가공,선반가공_06.홈·테이퍼작업,05. 내경 테이퍼 가공,2018-03-05,한국산업인력공단
동영상콘텐츠,선반가공,선반가공_07.편심나사작업,01.편심 가공,2018-03-05,한국산업인력공단
동영상콘텐츠,선반가공,선반가공_07.편심나사작업,02.외경 나사 가공,2018-03-05,한국산업인력공단
동영상콘텐츠,선반가공,선반가공_07.편심나사작업,03.정밀 나사 축 가공,2018-03-05,한국산업인력공단
동영상콘텐츠,선반가공,선반가공_07.편심나사작업,04.내경 나사 가공,2018-03-05,한국산업인력공단
동영상콘텐츠,선반가공,선반가공_08.부속장치사용,01.부속장치의 종류와 사용방법,2018-03-05,한국산업인력공단
동영상콘텐츠,선반가공,선반가공_08.부속장치사용,02.공작물 고정 방법과 방진구의 활용,2018-03-05,한국산업인력공단
동영상콘텐츠,선반가공,선반가공_09.장비유지관리,01.이상발생 예상부위 사전예방 및 고장진단·처리하기,2018-03-05,한국산업인력공단
동영상콘텐츠,선반가공,선반가공_09.장비유지관리,02.고장진단·처리 및 작업일지 작성하기,2018-03-05,한국산업인력공단
동영상콘텐츠,영상촬영,영상촬영_01.영상기획,01.영상콘텐츠 기획하기,2018-03-05,한국산업인력공단
동영상콘텐츠,영상촬영,영상촬영_01.영상기획,02.소재발굴하기,2018-03-05,한국산업인력공단
동영상콘텐츠,영상촬영,영상촬영_02.콘텐츠분석,01.기획의도 및 스토리 파악하기,2018-03-05,한국산업인력공단
동영상콘텐츠,영상촬영,영상촬영_02.콘텐츠분석,02.장면 분석하기,2018-03-05,한국산업인력공단
동영상콘텐츠,영상촬영,영상촬영_03.영상디자인,01.영상포맷 결정·촬영콘티 작성·사전답사하기,2018-03-05,한국산업인력공단
동영상콘텐츠,영상촬영,영상촬영_03.영상디자인,02.미술·조명디자인 협의하기,2018-03-05,한국산업인력공단
동영상콘텐츠,영상촬영,영상촬영_04.촬영장비준비,01.카메라기종·렌즈종류 선택하기,2018-03-05,한국산업인력공단
동영상콘텐츠,영상촬영,영상촬영_04.촬영장비준비,02.스태프 구성·그립장비 선택하기,2018-03-05,한국산업인력공단
동영상콘텐츠,영상촬영,영상촬영_05.카메라포지션선택,01.카메라별 임무파악하기,2018-03-05,한국산업인력공단
동영상콘텐츠,영상촬영,영상촬영_05.카메라포지션선택,02.장비·위치별 인력배치하기,2018-03-05,한국산업인력공단
동영상콘텐츠,영상촬영,영상촬영_06.카메라리허설,01.동선확인하기,2018-03-05,한국산업인력공단
동영상콘텐츠,영상촬영,영상촬영_06.카메라리허설,02.조명 수정하기,2018-03-05,한국산업인력공단
동영상콘텐츠,영상촬영,영상촬영_06.카메라리허설,03.카메라 앵글·촬영콘티 수정하기,2018-03-05,한국산업인력공단
동영상콘텐츠,영상촬영,영상촬영_07.촬영,01.카메라 운용하기,2018-03-05,한국산업인력공단
동영상콘텐츠,영상촬영,영상촬영_07.촬영,02.렌즈 운용·조명 조절하기,2018-03-05,한국산업인력공단
동영상콘텐츠,영상촬영,영상촬영_08.특수촬영,01.미속·고속 촬영하기,2018-03-05,한국산업인력공단
동영상콘텐츠,영상촬영,영상촬영_08.특수촬영,02.수중 촬영하기,2018-03-05,한국산업인력공단
동영상콘텐츠,영상촬영,영상촬영_08.특수촬영,03.항공 촬영하기,2018-03-05,한국산업인력공단
동영상콘텐츠,영상촬영,영상촬영_08.특수촬영,04.스태빌라이저와 크레인 운용하기·매크로 촬영하기,2018-03-05,한국산업인력공단
동영상콘텐츠,영상촬영,영상촬영_09.촬영편집,01.촬영데이터 관리·데이터 변환하기,2018-03-05,한국산업인력공단
동영상콘텐츠,영상촬영,영상촬영_09.촬영편집,02.영상편집하기,2018-03-05,한국산업인력공단
동영상콘텐츠,영상촬영,영상촬영_10.후반작업,01.코덱적용하기,2018-03-05,한국산업인력공단
동영상콘텐츠,영상촬영,영상촬영_10.후반작업,02.색보정·편집수정하기,2018-03-05,한국산업인력공단
동영상콘텐츠,제품디자인,제품디자인_01.제품디자인 프로젝트 기획,01.제품디자인 프로젝트 기획하기,2018-03-05,한국산업인력공단
동영상콘텐츠,제품디자인,제품디자인_02.제품디자인 리서치,01.시장환경 조사하기,2018-03-05,한국산업인력공단
동영상콘텐츠,제품디자인,제품디자인_02.제품디자인 리서치,02.경쟁제품 및 디자인경향 분석하기,2018-03-05,한국산업인력공단
동영상콘텐츠,제품디자인,제품디자인_02.제품디자인 리서치,03.사용자 분석하기,2018-03-05,한국산업인력공단
동영상콘텐츠,제품디자인,제품디자인_03.제품디자인 전략 수립,01.제품 개발 콘셉트 및 디자인 방향 키워드 도출하기,2018-03-05,한국산업인력공단
동영상콘텐츠,제품디자인,제품디자인_03.제품디자인 전략 수립,02.디자인 콘셉트 설정하기 ,2018-03-05,한국산업인력공단
동영상콘텐츠,제품디자인,제품디자인_04.아이디어 발상,01.엔지니어링 검토하기,2018-03-05,한국산업인력공단
동영상콘텐츠,제품디자인,제품디자인_04.아이디어 발상,02.아이디어 구상히기,2018-03-05,한국산업인력공단
동영상콘텐츠,제품디자인,제품디자인_04.아이디어 발상,03.아이디어 스케치 및 스케치 선정하기,2018-03-05,한국산업인력공단
동영상콘텐츠,제품디자인,제품디자인_05.디자인 구체화,01.제품 스펙 검토 및 2D 렌더링하기,2018-03-05,한국산업인력공단
동영상콘텐츠,제품디자인,제품디자인_05.디자인 구체화,02.3D 모델링하기,2018-03-05,한국산업인력공단
동영상콘텐츠,제품디자인,제품디자인_05.디자인 구체화,03.3D 렌더링하기,2018-03-05,한국산업인력공단
동영상콘텐츠,제품디자인,제품디자인_05.디자인 구체화,04.디자인 선정하기 ,2018-03-05,한국산업인력공단
동영상콘텐츠,제품디자인,제품디자인_06.모형제작,01.도면 작업하기,2018-03-05,한국산업인력공단
동영상콘텐츠,제품디자인,제품디자인_06.모형제작,02.모형 제작 및 감리하기,2018-03-05,한국산업인력공단
동영상콘텐츠,제품디자인,제품디자인_06.모형제작,03.최종 디자인 점검하기,2018-03-05,한국산업인력공단
동영상콘텐츠,제품디자인,제품디자인_07.제품디자인 프로젝트 양산관리,01.디자인 사양 결정 및 승인하기,2018-03-05,한국산업인력공단
동영상콘텐츠,제품디자인,제품디자인_07.제품디자인 프로젝트 양산관리,02.지식 재산권 확보 및 프로젝트 결과 보고와 사후 관리하기 ,2018-03-05,한국산업인력공단
동영상콘텐츠,CO2용접,"CO2용접	_CO2용접 장비 준비1","CO2용접	CO2용접 장비 준비1",2017-05-26,한국산업인력공단
동영상콘텐츠,CO2용접,"CO2용접	_CO2용접 장비 준비2","CO2용접	CO2용접 장비 준비2",2017-05-26,한국산업인력공단
동영상콘텐츠,CO2용접,"CO2용접_	CO2용접 재료 준비","CO2용접	CO2용접 재료 준비",2017-05-26,한국산업인력공단
동영상콘텐츠,CO2용접,"CO2용접	_가용접 작업1","CO2용접	가용접 작업1",2017-05-26,한국산업인력공단
동영상콘텐츠,CO2용접,"CO2용접	_가용접 작업2","CO2용접	가용접 작업2",2017-05-26,한국산업인력공단
동영상콘텐츠,CO2용접,"CO2용접_	도면 해독1","CO2용접	도면 해독1",2017-05-26,한국산업인력공단
동영상콘텐츠,CO2용접,"CO2용접_	도면 해독2","CO2용접	도면 해독2",2017-05-26,한국산업인력공단
동영상콘텐츠,CO2용접,"CO2용접_	솔리드와이어 용접 작업1","CO2용접	솔리드와이어 용접 작업1",2017-05-26,한국산업인력공단
동영상콘텐츠,CO2용접,"CO2용접_	솔리드와이어 용접 작업10","CO2용접	솔리드와이어 용접 작업10",2017-05-26,한국산업인력공단
동영상콘텐츠,CO2용접,"CO2용접_	솔리드와이어 용접 작업2","CO2용접	솔리드와이어 용접 작업2",2017-05-26,한국산업인력공단
동영상콘텐츠,CO2용접,"CO2용접_	솔리드와이어 용접 작업3","CO2용접	솔리드와이어 용접 작업3",2017-05-26,한국산업인력공단
동영상콘텐츠,CO2용접,"CO2용접_	솔리드와이어 용접 작업4","CO2용접	솔리드와이어 용접 작업4",2017-05-26,한국산업인력공단
동영상콘텐츠,CO2용접,"CO2용접_	솔리드와이어 용접 작업5","CO2용접	솔리드와이어 용접 작업5",2017-05-26,한국산업인력공단
동영상콘텐츠,CO2용접,"CO2용접_	솔리드와이어 용접 작업6","CO2용접	솔리드와이어 용접 작업6",2017-05-26,한국산업인력공단
동영상콘텐츠,CO2용접,"CO2용접_	솔리드와이어 용접 작업7","CO2용접	솔리드와이어 용접 작업7",2017-05-26,한국산업인력공단
동영상콘텐츠,CO2용접,"CO2용접_	솔리드와이어 용접 작업8","CO2용접	솔리드와이어 용접 작업8",2017-05-26,한국산업인력공단
동영상콘텐츠,CO2용접,"CO2용접_	솔리드와이어 용접 작업9","CO2용접	솔리드와이어 용접 작업9",2017-05-26,한국산업인력공단
동영상콘텐츠,CO2용접,"CO2용접_	용접결함부 보수 용접 작업1","CO2용접	용접결함부 보수 용접 작업1",2017-05-26,한국산업인력공단
동영상콘텐츠,CO2용접,"CO2용접_	용접결함부 보수 용접 작업2","CO2용접	용접결함부 보수 용접 작업2",2017-05-26,한국산업인력공단
동영상콘텐츠,CO2용접,"CO2용접_	용접결함부 보수 용접 작업3","CO2용접	용접결함부 보수 용접 작업3",2017-05-26,한국산업인력공단
동영상콘텐츠,CO2용접,"CO2용접_	용접부 검사","CO2용접	용접부 검사",2017-05-26,한국산업인력공단
동영상콘텐츠,CO2용접,"CO2용접_	작업 안전 관리1","CO2용접	작업 안전 관리1",2017-05-26,한국산업인력공단
동영상콘텐츠,CO2용접,"CO2용접_	작업 안전 관리2","CO2용접	작업 안전 관리2",2017-05-26,한국산업인력공단
동영상콘텐츠,CO2용접,"CO2용접_	플럭스코어드와이어 용접 작업1","CO2용접	플럭스코어드와이어 용접 작업1",2017-05-26,한국산업인력공단
동영상콘텐츠,CO2용접,"CO2용접_	플럭스코어드와이어 용접 작업2","CO2용접	플럭스코어드와이어 용접 작업2",2017-05-26,한국산업인력공단
동영상콘텐츠,CO2용접,"CO2용접_	플럭스코어드와이어 용접 작업3","CO2용접	플럭스코어드와이어 용접 작업3",2017-05-26,한국산업인력공단
동영상콘텐츠,CO2용접,"CO2용접_	플럭스코어드와이어 용접 작업4","CO2용접	플럭스코어드와이어 용접 작업4",2017-05-26,한국산업인력공단
동영상콘텐츠,CO2용접,"CO2용접_	플럭스코어드와이어 용접 작업5","CO2용접	플럭스코어드와이어 용접 작업5",2017-05-26,한국산업인력공단
동영상콘텐츠,CO2용접,"CO2용접_	플럭스코어드와이어 용접 작업6","CO2용접	플럭스코어드와이어 용접 작업6",2017-05-26,한국산업인력공단
동영상콘텐츠,CO2용접,"CO2용접_	플럭스코어드와이어 용접 작업7","CO2용접	플럭스코어드와이어 용접 작업7",2017-05-26,한국산업인력공단
동영상콘텐츠,CO2용접,"CO2용접_	플럭스코어드와이어 용접 작업8","CO2용접	플럭스코어드와이어 용접 작업8",2017-05-26,한국산업인력공단
동영상콘텐츠,무선통신망구축,무선통신망구축_무선통신망 시험1,무선통신망구축 무선통신망 시험1,2017-05-26,한국산업인력공단
동영상콘텐츠,무선통신망구축,무선통신망구축_무선통신망 시험2,무선통신망구축 무선통신망 시험2,2017-05-26,한국산업인력공단
동영상콘텐츠,무선통신망구축,무선통신망구축_무선통신망 시험3,무선통신망구축 무선통신망 시험3,2017-05-26,한국산업인력공단
동영상콘텐츠,무선통신망구축,무선통신망구축_무선통신망 운용지원1,무선통신망구축 무선통신망 운용지원1,2017-05-26,한국산업인력공단
동영상콘텐츠,무선통신망구축,무선통신망구축_무선통신망 운용지원2,무선통신망구축 무선통신망 운용지원2,2017-05-26,한국산업인력공단
동영상콘텐츠,무선통신망구축,무선통신망구축_무선통신망 운용지원3,무선통신망구축 무선통신망 운용지원3,2017-05-26,한국산업인력공단
동영상콘텐츠,무선통신망구축,무선통신망구축_무선통신망구축 시공1,무선통신망구축 무선통신망구축 시공1,2017-05-26,한국산업인력공단
동영상콘텐츠,무선통신망구축,무선통신망구축_무선통신망구축 시공2,무선통신망구축 무선통신망구축 시공2,2017-05-26,한국산업인력공단
동영상콘텐츠,무선통신망구축,무선통신망구축_무선통신망구축 유지보수1,무선통신망구축 무선통신망구축 유지보수1,2017-05-26,한국산업인력공단
동영상콘텐츠,무선통신망구축,무선통신망구축_무선통신망구축 유지보수2,무선통신망구축 무선통신망구축 유지보수2,2017-05-26,한국산업인력공단
동영상콘텐츠,무선통신망구축,무선통신망구축_무선통신망구축 유지보수3,무선통신망구축 무선통신망구축 유지보수3,2017-05-26,한국산업인력공단
동영상콘텐츠,무선통신시스템구축,무선통신시스템구축_무선통신시스템 시험1,무선통신시스템구축 무선통신시스템 시험1,2017-05-26,한국산업인력공단
동영상콘텐츠,무선통신시스템구축,무선통신시스템구축_무선통신시스템 시험2,무선통신시스템구축 무선통신시스템 시험2,2017-05-26,한국산업인력공단
동영상콘텐츠,무선통신시스템구축,무선통신시스템구축_무선통신시스템 최적화1,무선통신시스템구축 무선통신시스템 최적화1,2017-05-26,한국산업인력공단
동영상콘텐츠,무선통신시스템구축,무선통신시스템구축_무선통신시스템 최적화2,무선통신시스템구축 무선통신시스템 최적화2,2017-05-26,한국산업인력공단
동영상콘텐츠,무선통신시스템구축,무선통신시스템구축_무선통신시스템 최적화3,무선통신시스템구축 무선통신시스템 최적화3,2017-05-26,한국산업인력공단
동영상콘텐츠,무선통신시스템구축,무선통신시스템구축_무선통신시스템구축 공사1,무선통신시스템구축 무선통신시스템구축 공사1,2017-05-26,한국산업인력공단
동영상콘텐츠,무선통신시스템구축,무선통신시스템구축_무선통신시스템구축 공사2,무선통신시스템구축 무선통신시스템구축 공사2,2017-05-26,한국산업인력공단
동영상콘텐츠,무선통신시스템구축,무선통신시스템구축_무선통신시스템구축 공사3,무선통신시스템구축 무선통신시스템구축 공사3,2017-05-26,한국산업인력공단
동영상콘텐츠,무선통신시스템구축,무선통신시스템구축_무선통신시스템구축 공사4,무선통신시스템구축 무선통신시스템구축 공사4,2017-05-26,한국산업인력공단
동영상콘텐츠,무선통신시스템구축,무선통신시스템구축_무선통신시스템구축 하자관리1,무선통신시스템구축 무선통신시스템구축 하자관리1,2017-05-26,한국산업인력공단
동영상콘텐츠,무선통신시스템구축,무선통신시스템구축_무선통신시스템구축 하자관리2,무선통신시스템구축 무선통신시스템구축 하자관리2,2017-05-26,한국산업인력공단
동영상콘텐츠,무선통신시스템구축,무선통신시스템구축_무선통신시스템구축 하자관리3,무선통신시스템구축 무선통신시스템구축 하자관리3,2017-05-26,한국산업인력공단
동영상콘텐츠,시각디자인,시각디자인_ 디자인 자료화1,시각디자인 디자인 자료화1,2017-05-26,한국산업인력공단
동영상콘텐츠,시각디자인,시각디자인_ 디자인 자료화2,시각디자인 디자인 자료화2,2017-05-26,한국산업인력공단
동영상콘텐츠,시각디자인,시각디자인_ 디자인 제작 관리1,시각디자인 디자인 제작 관리1,2017-05-26,한국산업인력공단
동영상콘텐츠,시각디자인,시각디자인_ 디자인 제작 관리2,시각디자인 디자인 제작 관리2,2017-05-26,한국산업인력공단
동영상콘텐츠,시각디자인,시각디자인_ 디자인 제작 관리3,시각디자인 디자인 제작 관리3,2017-05-26,한국산업인력공단
동영상콘텐츠,시각디자인,시각디자인_ 비주얼 아이데이션1,시각디자인 비주얼 아이데이션1,2017-05-26,한국산업인력공단
동영상콘텐츠,시각디자인,시각디자인_ 비주얼 아이데이션2,시각디자인 비주얼 아이데이션2,2017-05-26,한국산업인력공단
동영상콘텐츠,시각디자인,시각디자인_ 비주얼 아이데이션3,시각디자인 비주얼 아이데이션3,2017-05-26,한국산업인력공단
동영상콘텐츠,시각디자인,시각디자인_ 시각디자인 리서치1,시각디자인 시각디자인 리서치1,2017-05-26,한국산업인력공단
동영상콘텐츠,시각디자인,시각디자인_ 시각디자인 리서치2,시각디자인 시각디자인 리서치2,2017-05-26,한국산업인력공단
동영상콘텐츠,시각디자인,시각디자인_ 시각디자인 전략 수립1,시각디자인 시각디자인 전략 수립1,2017-05-26,한국산업인력공단
동영상콘텐츠,시각디자인,시각디자인_ 시각디자인 전략 수립2,시각디자인 시각디자인 전략 수립2,2017-05-26,한국산업인력공단
동영상콘텐츠,시각디자인,시각디자인_ 시각디자인 전략 수립3,시각디자인 시각디자인 전략 수립3,2017-05-26,한국산업인력공단
동영상콘텐츠,시각디자인,시각디자인_ 시각디자인 프로젝트 기획1,시각디자인 시각디자인 프로젝트 기획1,2017-05-26,한국산업인력공단
동영상콘텐츠,시각디자인,시각디자인_ 시각디자인 프로젝트 기획2,시각디자인 시각디자인 프로젝트 기획2,2017-05-26,한국산업인력공단
동영상콘텐츠,시각디자인,시각디자인_ 시각디자인 프로젝트 기획3,시각디자인 시각디자인 프로젝트 기획3,2017-05-26,한국산업인력공단
동영상콘텐츠,시각디자인,시각디자인_ 시안 디자인 개발1,시각디자인 시안 디자인 개발1,2017-05-26,한국산업인력공단
동영상콘텐츠,시각디자인,시각디자인_ 시안 디자인 개발2,시각디자인 시안 디자인 개발2,2017-05-26,한국산업인력공단
동영상콘텐츠,시각디자인,시각디자인_ 시안 디자인 개발3,시각디자인 시안 디자인 개발3,2017-05-26,한국산업인력공단
동영상콘텐츠,시각디자인,시각디자인_ 최종 디자인 개발1,시각디자인 최종 디자인 개발1,2017-05-26,한국산업인력공단
동영상콘텐츠,시각디자인,시각디자인_ 최종 디자인 개발2,시각디자인 최종 디자인 개발2,2017-05-26,한국산업인력공단
동영상콘텐츠,시각디자인,시각디자인_ 최종 디자인 개발3,시각디자인 최종 디자인 개발3,2017-05-26,한국산업인력공단
동영상콘텐츠,시각디자인,시각디자인_ 프레젠테이션1,시각디자인 프레젠테이션1,2017-05-26,한국산업인력공단
동영상콘텐츠,시각디자인,시각디자인_ 프레젠테이션2,시각디자인 프레젠테이션2,2017-05-26,한국산업인력공단
동영상콘텐츠,시각디자인,시각디자인_ 프레젠테이션3,시각디자인 프레젠테이션3,2017-05-26,한국산업인력공단
동영상콘텐츠,자동차도장,자동차도장_ 구도막 제거 작업1,자동차도장 구도막 제거 작업1,2017-05-26,한국산업인력공단
동영상콘텐츠,자동차도장,자동차도장_ 구도막 제거 작업2,자동차도장 구도막 제거 작업2,2017-05-26,한국산업인력공단
동영상콘텐츠,자동차도장,자동차도장_ 도장계획 수립1,자동차도장 도장계획 수립1,2017-05-26,한국산업인력공단
동영상콘텐츠,자동차도장,자동차도장_ 도장계획 수립2,자동차도장 도장계획 수립2,2017-05-26,한국산업인력공단
동영상콘텐츠,자동차도장,자동차도장_ 마스킹 작업1,자동차도장 마스킹 작업1,2017-05-26,한국산업인력공단
동영상콘텐츠,자동차도장,자동차도장_ 마스킹 작업2,자동차도장 마스킹 작업2,2017-05-26,한국산업인력공단
동영상콘텐츠,자동차도장,자동차도장_ 블렌딩 도장 작업1,자동차도장 블렌딩 도장 작업1,2017-05-26,한국산업인력공단
동영상콘텐츠,자동차도장,자동차도장_ 블렌딩 도장 작업2,자동차도장 블렌딩 도장 작업2,2017-05-26,한국산업인력공단
동영상콘텐츠,자동차도장,자동차도장_ 블렌딩 도장 작업3,자동차도장 블렌딩 도장 작업3,2017-05-26,한국산업인력공단
동영상콘텐츠,자동차도장,자동차도장_ 상도 도장 작업1,자동차도장 상도 도장 작업1,2017-05-26,한국산업인력공단
동영상콘텐츠,자동차도장,자동차도장_ 상도 도장 작업2,자동차도장 상도 도장 작업2,2017-05-26,한국산업인력공단
동영상콘텐츠,자동차도장,자동차도장_ 상도 도장 작업3,자동차도장 상도 도장 작업3,2017-05-26,한국산업인력공단
동영상콘텐츠,자동차도장,자동차도장_ 상도 도장 작업4,자동차도장 상도 도장 작업4,2017-05-26,한국산업인력공단
동영상콘텐츠,자동차도장,자동차도장_ 조색 작업1,자동차도장 조색 작업1,2017-05-26,한국산업인력공단
동영상콘텐츠,자동차도장,자동차도장_ 조색 작업2,자동차도장 조색 작업2,2017-05-26,한국산업인력공단
동영상콘텐츠,자동차도장,자동차도장_ 퍼티 작업1,자동차도장 퍼티 작업1,2017-05-26,한국산업인력공단
동영상콘텐츠,자동차도장,자동차도장_ 퍼티 작업2,자동차도장 퍼티 작업2,2017-05-26,한국산업인력공단
동영상콘텐츠,자동차도장,자동차도장_ 프라이머 작업1,자동차도장 프라이머 작업1,2017-05-26,한국산업인력공단
동영상콘텐츠,자동차도장,자동차도장_ 프라이머 작업2,자동차도장 프라이머 작업2,2017-05-26,한국산업인력공단
동영상콘텐츠,자동차도장,자동차도장_ 프라이머 작업3,자동차도장 프라이머 작업3,2017-05-26,한국산업인력공단
동영상콘텐츠,자동차도장,자동차도장_ 프라이머-서페이서 작업1,자동차도장 프라이머-서페이서 작업1,2017-05-26,한국산업인력공단
동영상콘텐츠,자동차도장,자동차도장_ 프라이머-서페이서 작업2,자동차도장 프라이머-서페이서 작업2,2017-05-26,한국산업인력공단
동영상콘텐츠,자동차도장,자동차도장_ 프라이머-서페이서 작업3,자동차도장 프라이머-서페이서 작업3,2017-05-26,한국산업인력공단
동영상콘텐츠,자동차도장,자동차도장_건조 작업1,자동차도장_건조 작업1,2017-05-26,한국산업인력공단
동영상콘텐츠,자동차도장,자동차도장_건조 작업2,자동차도장_건조 작업2,2017-05-26,한국산업인력공단
동영상콘텐츠,자동차도장,자동차도장_도장 작업환경 관리1,자동차도장_도장 작업환경 관리1,2017-05-26,한국산업인력공단
동영상콘텐츠,자동차도장,자동차도장_도장 작업환경 관리2,자동차도장_도장 작업환경 관리2,2017-05-26,한국산업인력공단
동영상콘텐츠,자동차도장,자동차도장_도장 작업환경 관리3,자동차도장_도장 작업환경 관리3,2017-05-26,한국산업인력공단
동영상콘텐츠,자동차도장,자동차도장_도장 장비 유지보수1,자동차도장_도장 장비 유지보수1,2017-05-26,한국산업인력공단
동영상콘텐츠,자동차도장,자동차도장_도장 장비 유지보수2,자동차도장_도장 장비 유지보수2,2017-05-26,한국산업인력공단
동영상콘텐츠,자동차도장,자동차도장_도장 장비 유지보수3,자동차도장_도장 장비 유지보수3,2017-05-26,한국산업인력공단
동영상콘텐츠,자동차도장,자동차도장_도장 후 마무리 작업1,자동차도장_도장 후 마무리 작업1,2017-05-26,한국산업인력공단
동영상콘텐츠,자동차도장,자동차도장_도장 후 마무리 작업2,자동차도장_도장 후 마무리 작업2,2017-05-26,한국산업인력공단
동영상콘텐츠,자동차엔진정비,자동차엔진정비_CNG 전자제어장치 정비1,자동차엔진정비 CNG 전자제어장치 정비1,2017-05-26,한국산업인력공단
동영상콘텐츠,자동차엔진정비,자동차엔진정비_CNG 전자제어장치 정비2,자동차엔진정비 CNG 전자제어장치 정비2,2017-05-26,한국산업인력공단
동영상콘텐츠,자동차엔진정비,자동차엔진정비_LPG/LPI 전자제어장치 정비1,자동차엔진정비 LPG/LPI 전자제어장치 정비1,2017-05-26,한국산업인력공단
동영상콘텐츠,자동차엔진정비,자동차엔진정비_LPG/LPI 전자제어장치 정비2,자동차엔진정비 LPG/LPI 전자제어장치 정비2,2017-05-26,한국산업인력공단
동영상콘텐츠,자동차엔진정비,자동차엔진정비_가솔린 전자제어장치 정비1,자동차엔진정비 가솔린 전자제어장치 정비1,2017-05-26,한국산업인력공단
동영상콘텐츠,자동차엔진정비,자동차엔진정비_가솔린 전자제어장치 정비2,자동차엔진정비 가솔린 전자제어장치 정비2,2017-05-26,한국산업인력공단
동영상콘텐츠,자동차엔진정비,자동차엔진정비_가솔린 전자제어장치 정비3,자동차엔진정비 가솔린 전자제어장치 정비3,2017-05-26,한국산업인력공단
동영상콘텐츠,자동차엔진정비,자동차엔진정비_가솔린 전자제어장치 정비4,자동차엔진정비 가솔린 전자제어장치 정비4,2017-05-26,한국산업인력공단
동영상콘텐츠,자동차엔진정비,자동차엔진정비_과급장치 정비1,자동차엔진정비 과급장치 정비1,2017-05-26,한국산업인력공단
동영상콘텐츠,자동차엔진정비,자동차엔진정비_과급장치 정비2,자동차엔진정비 과급장치 정비2,2017-05-26,한국산업인력공단
동영상콘텐츠,자동차엔진정비,자동차엔진정비_냉각장치 정비1,자동차엔진정비 냉각장치 정비1,2017-05-26,한국산업인력공단
동영상콘텐츠,자동차엔진정비,자동차엔진정비_냉각장치 정비2,자동차엔진정비 냉각장치 정비2,2017-05-26,한국산업인력공단
동영상콘텐츠,자동차엔진정비,자동차엔진정비_디젤전자제어장치 정비1,자동차엔진정비 디젤전자제어장치 정비1,2017-05-26,한국산업인력공단
동영상콘텐츠,자동차엔진정비,자동차엔진정비_디젤전자제어장치 정비2,자동차엔진정비 디젤전자제어장치 정비2,2017-05-26,한국산업인력공단
동영상콘텐츠,자동차엔진정비,자동차엔진정비_디젤전자제어장치 정비3,자동차엔진정비 디젤전자제어장치 정비3,2017-05-26,한국산업인력공단
동영상콘텐츠,자동차엔진정비,자동차엔진정비_배출가스장치 정비·검사1,자동차엔진정비 배출가스장치 정비·검사1,2017-05-26,한국산업인력공단
동영상콘텐츠,자동차엔진정비,자동차엔진정비_배출가스장치 정비·검사2,자동차엔진정비 배출가스장치 정비·검사2,2017-05-26,한국산업인력공단
동영상콘텐츠,자동차엔진정비,자동차엔진정비_엔진 본체 정비1,자동차엔진정비 엔진 본체 정비1,2017-05-26,한국산업인력공단
동영상콘텐츠,자동차엔진정비,자동차엔진정비_엔진 본체 정비2,자동차엔진정비 엔진 본체 정비2,2017-05-26,한국산업인력공단
동영상콘텐츠,자동차엔진정비,자동차엔진정비_엔진 본체 정비3,자동차엔진정비 엔진 본체 정비3,2017-05-26,한국산업인력공단
동영상콘텐츠,자동차엔진정비,자동차엔진정비_엔진 점화장치1,자동차엔진정비 엔진 점화장치1,2017-05-26,한국산업인력공단
동영상콘텐츠,자동차엔진정비,자동차엔진정비_엔진 점화장치2,자동차엔진정비 엔진 점화장치2,2017-05-26,한국산업인력공단
동영상콘텐츠,자동차엔진정비,자동차엔진정비_연료장치 정비1,자동차엔진정비 연료장치 정비1,2017-05-26,한국산업인력공단
동영상콘텐츠,자동차엔진정비,자동차엔진정비_연료장치 정비2,자동차엔진정비 연료장치 정비2,2017-05-26,한국산업인력공단
동영상콘텐츠,자동차엔진정비,자동차엔진정비_윤활장치 정비1,자동차엔진정비 윤활장치 정비1,2017-05-26,한국산업인력공단
동영상콘텐츠,자동차엔진정비,자동차엔진정비_윤활장치 정비2,자동차엔진정비 윤활장치 정비2,2017-05-26,한국산업인력공단
동영상콘텐츠,자동차엔진정비,"자동차엔진정비_자동차 엔진정비 고객상담, 자동차 엔진정비 장비 유지보수","자동차엔진정비 자동차 엔진정비 고객상담, 자동차 엔진정비 장비 유지보수",2017-05-26,한국산업인력공단
동영상콘텐츠,자동차엔진정비,자동차엔진정비_하이브리드전기장치 정비1,자동차엔진정비 하이브리드전기장치 정비1,2017-05-26,한국산업인력공단
동영상콘텐츠,자동차엔진정비,자동차엔진정비_하이브리드전기장치 정비2,자동차엔진정비 하이브리드전기장치 정비2,2017-05-26,한국산업인력공단
동영상콘텐츠,자동차엔진정비,자동차엔진정비_흡·배기장치 정비1,자동차엔진정비 흡·배기장치 정비1,2017-05-26,한국산업인력공단
동영상콘텐츠,자동차엔진정비,자동차엔진정비_흡·배기장치 정비2,자동차엔진정비 흡·배기장치 정비2,2017-05-26,한국산업인력공단
동영상콘텐츠,자동차전기·전차장치정비,자동차전기·전차장치정비_냉·난방장치 정비1,자동차전기·전차장치정비 냉·난방장치 정비1,2017-05-26,한국산업인력공단
동영상콘텐츠,자동차전기·전차장치정비,자동차전기·전차장치정비_냉·난방장치 정비2,자동차전기·전차장치정비 냉·난방장치 정비2,2017-05-26,한국산업인력공단
동영상콘텐츠,자동차전기·전차장치정비,자동차전기·전차장치정비_네트워크통신장치 정비1,자동차전기·전차장치정비 네트워크통신장치 정비1,2017-05-26,한국산업인력공단
동영상콘텐츠,자동차전기·전차장치정비,자동차전기·전차장치정비_네트워크통신장치 정비2,자동차전기·전차장치정비 네트워크통신장치 정비2,2017-05-26,한국산업인력공단
동영상콘텐츠,자동차전기·전차장치정비,자동차전기·전차장치정비_네트워크통신장치 정비3,자동차전기·전차장치정비 네트워크통신장치 정비3,2017-05-26,한국산업인력공단
동영상콘텐츠,자동차전기·전차장치정비,자동차전기·전차장치정비_등화장치 정비1,자동차전기·전차장치정비 등화장치 정비1,2017-05-26,한국산업인력공단
동영상콘텐츠,자동차전기·전차장치정비,자동차전기·전차장치정비_등화장치 정비2,자동차전기·전차장치정비 등화장치 정비2,2017-05-26,한국산업인력공단
동영상콘텐츠,자동차전기·전차장치정비,자동차전기·전차장치정비_시동장치 정비1,자동차전기·전차장치정비 시동장치 정비1,2017-05-26,한국산업인력공단
동영상콘텐츠,자동차전기·전차장치정비,자동차전기·전차장치정비_시동장치 정비2,자동차전기·전차장치정비 시동장치 정비2,2017-05-26,한국산업인력공단
동영상콘텐츠,자동차전기·전차장치정비,자동차전기·전차장치정비_자동차 전기·전자장치 장비 유지보수,자동차전기·전차장치정비 자동차 전기·전자장치 장비 유지보수,2017-05-26,한국산업인력공단
동영상콘텐츠,자동차전기·전차장치정비,자동차전기·전차장치정비_자동차 전기·전자장치 정비 고객상담1,자동차전기·전차장치정비 자동차 전기·전자장치 정비 고객상담1,2017-05-26,한국산업인력공단
동영상콘텐츠,자동차전기·전차장치정비,자동차전기·전차장치정비_자동차 전기·전자장치 정비 고객상담2,자동차전기·전차장치정비 자동차 전기·전자장치 정비 고객상담2,2017-05-26,한국산업인력공단
동영상콘텐츠,자동차전기·전차장치정비,자동차전기·전차장치정비_자동차 전기·전자장치 정비 고장진단1,자동차전기·전차장치정비 자동차 전기·전자장치 정비 고장진단1,2017-05-26,한국산업인력공단
동영상콘텐츠,자동차전기·전차장치정비,자동차전기·전차장치정비_자동차 전기·전자장치 정비 고장진단2,자동차전기·전차장치정비 자동차 전기·전자장치 정비 고장진단2,2017-05-26,한국산업인력공단
동영상콘텐츠,자동차전기·전차장치정비,자동차전기·전차장치정비_자동차 전기·전자장치 정비 고장진단3,자동차전기·전차장치정비 자동차 전기·전자장치 정비 고장진단3,2017-05-26,한국산업인력공단
동영상콘텐츠,자동차전기·전차장치정비,자동차전기·전차장치정비_자동차 전기·전자장치 정비 작업환경 관리1,자동차전기·전차장치정비 자동차 전기·전자장치 정비 작업환경 관리1,2017-05-26,한국산업인력공단
동영상콘텐츠,자동차전기·전차장치정비,자동차전기·전차장치정비_자동차 전기·전자장치 정비 작업환경 관리2,자동차전기·전차장치정비 자동차 전기·전자장치 정비 작업환경 관리2,2017-05-26,한국산업인력공단
동영상콘텐츠,자동차전기·전차장치정비,자동차전기·전차장치정비_자동차 전기·전자장치 정비공정 수립1,자동차전기·전차장치정비 자동차 전기·전자장치 정비공정 수립1,2017-05-26,한국산업인력공단
동영상콘텐츠,자동차전기·전차장치정비,자동차전기·전차장치정비_자동차 전기·전자장치 정비공정 수립2,자동차전기·전차장치정비 자동차 전기·전자장치 정비공정 수립2,2017-05-26,한국산업인력공단
동영상콘텐츠,자동차전기·전차장치정비,자동차전기·전차장치정비_전기·전자회로 분석1,자동차전기·전차장치정비 전기·전자회로 분석1,2017-05-26,한국산업인력공단
동영상콘텐츠,자동차전기·전차장치정비,자동차전기·전차장치정비_전기·전자회로 분석2,자동차전기·전차장치정비 전기·전자회로 분석2,2017-05-26,한국산업인력공단
동영상콘텐츠,자동차전기·전차장치정비,자동차전기·전차장치정비_전기·전자회로 분석3,자동차전기·전차장치정비 전기·전자회로 분석3,2017-05-26,한국산업인력공단
동영상콘텐츠,자동차전기·전차장치정비,자동차전기·전차장치정비_전기자동차 전기장치 정비1,자동차전기·전차장치정비 전기자동차 전기장치 정비1,2017-05-26,한국산업인력공단
동영상콘텐츠,자동차전기·전차장치정비,자동차전기·전차장치정비_전기자동차 전기장치 정비2,자동차전기·전차장치정비 전기자동차 전기장치 정비2,2017-05-26,한국산업인력공단
동영상콘텐츠,자동차전기·전차장치정비,자동차전기·전차장치정비_주행안전장치 정비1,자동차전기·전차장치정비 주행안전장치 정비1,2017-05-26,한국산업인력공단
동영상콘텐츠,자동차전기·전차장치정비,자동차전기·전차장치정비_주행안전장치 정비2,자동차전기·전차장치정비 주행안전장치 정비2,2017-05-26,한국산업인력공단
동영상콘텐츠,자동차전기·전차장치정비,자동차전기·전차장치정비_충전장치 정비1,자동차전기·전차장치정비 충전장치 정비1,2017-05-26,한국산업인력공단
동영상콘텐츠,자동차전기·전차장치정비,자동차전기·전차장치정비_충전장치 정비2,자동차전기·전차장치정비 충전장치 정비2,2017-05-26,한국산업인력공단
동영상콘텐츠,자동차전기·전차장치정비,자동차전기·전차장치정비_편의장치 정비1,자동차전기·전차장치정비 편의장치 정비1,2017-05-26,한국산업인력공단
동영상콘텐츠,자동차전기·전차장치정비,자동차전기·전차장치정비_편의장치 정비2,자동차전기·전차장치정비 편의장치 정비2,2017-05-26,한국산업인력공단
동영상콘텐츠,자동차전기·전차장치정비,자동차전기·전차장치정비_편의장치 정비3,자동차전기·전차장치정비 편의장치 정비3,2017-05-26,한국산업인력공단
동영상콘텐츠,자동차전기·전차장치정비,자동차전기·전차장치정비_하이브리드 고전압장치 정비1,자동차전기·전차장치정비 하이브리드 고전압장치 정비1,2017-05-26,한국산업인력공단
동영상콘텐츠,자동차전기·전차장치정비,자동차전기·전차장치정비_하이브리드 고전압장치 정비2,자동차전기·전차장치정비 하이브리드 고전압장치 정비2,2017-05-26,한국산업인력공단
동영상콘텐츠,자동차전기·전차장치정비,자동차전기·전차장치정비_하이브리드 고전압장치 정비3,자동차전기·전차장치정비 하이브리드 고전압장치 정비3,2017-05-26,한국산업인력공단
동영상콘텐츠,자동차정비검사,자동차정비검사_관능검사1,자동차정비검사 관능검사1,2017-05-26,한국산업인력공단
동영상콘텐츠,자동차정비검사,자동차정비검사_관능검사2,자동차정비검사 관능검사2,2017-05-26,한국산업인력공단
동영상콘텐츠,자동차정비검사,자동차정비검사_관능검사3,자동차정비검사 관능검사3,2017-05-26,한국산업인력공단
동영상콘텐츠,자동차정비검사,자동차정비검사_관능검사4,자동차정비검사 관능검사4,2017-05-26,한국산업인력공단
동영상콘텐츠,자동차정비검사,자동차정비검사_기기검사1,자동차정비검사 기기검사1,2017-05-26,한국산업인력공단
동영상콘텐츠,자동차정비검사,자동차정비검사_기기검사2,자동차정비검사 기기검사2,2017-05-26,한국산업인력공단
동영상콘텐츠,자동차정비검사,자동차정비검사_동일성확인1,자동차정비검사 동일성확인1,2017-05-26,한국산업인력공단
동영상콘텐츠,자동차정비검사,자동차정비검사_동일성확인2,자동차정비검사 동일성확인2,2017-05-26,한국산업인력공단
동영상콘텐츠,자동차정비검사,"자동차정비검사_	검사결과판정1","자동차정비검사	검사결과판정1",2017-05-26,한국산업인력공단
동영상콘텐츠,자동차정비검사,"자동차정비검사_	검사결과판정2","자동차정비검사	검사결과판정2",2017-05-26,한국산업인력공단
동영상콘텐츠,자동차정비검사,"자동차정비검사_	검사기기관리1","자동차정비검사	검사기기관리1",2017-05-26,한국산업인력공단
동영상콘텐츠,자동차정비검사,"자동차정비검사_	검사기기관리2","자동차정비검사	검사기기관리2",2017-05-26,한국산업인력공단
동영상콘텐츠,자동차정비검사,"자동차정비검사_	구조변경·업무1","자동차정비검사	구조변경·업무1",2017-05-26,한국산업인력공단
동영상콘텐츠,자동차정비검사,"자동차정비검사_	구조변경·업무2","자동차정비검사	구조변경·업무2",2017-05-26,한국산업인력공단
동영상콘텐츠,자동차정비검사,"자동차정비검사_	기기검사3","자동차정비검사	기기검사3",2017-05-26,한국산업인력공단
동영상콘텐츠,자동차정비검사,"자동차정비검사_	기기검사4","자동차정비검사	기기검사4",2017-05-26,한국산업인력공단
동영상콘텐츠,자동차정비검사,"자동차정비검사_	배출가스 검사1","자동차정비검사	배출가스 검사1",2017-05-26,한국산업인력공단
동영상콘텐츠,자동차정비검사,"자동차정비검사_	배출가스 검사2","자동차정비검사	배출가스 검사2",2017-05-26,한국산업인력공단
동영상콘텐츠,자동차정비검사,"자동차정비검사_	소규모 제작사 차량 안전 검사1","자동차정비검사	소규모 제작사 차량 안전 검사1",2017-05-26,한국산업인력공단
동영상콘텐츠,자동차정비검사,"자동차정비검사_	소규모 제작사 차량 안전 검사2","자동차정비검사	소규모 제작사 차량 안전 검사2",2017-05-26,한국산업인력공단
동영상콘텐츠,자동차정비검사,"자동차정비검사_	자동차 정비검사 작업환경 관리1","자동차정비검사	자동차 정비검사 작업환경 관리1",2017-05-26,한국산업인력공단
동영상콘텐츠,자동차정비검사,"자동차정비검사_	자동차 정비검사 작업환경 관리2","자동차정비검사	자동차 정비검사 작업환경 관리2",2017-05-26,한국산업인력공단
동영상콘텐츠,자동차정비검사,"자동차정비검사_	중고차 성능·상태점검1","자동차정비검사	중고차 성능·상태점검1",2017-05-26,한국산업인력공단
동영상콘텐츠,자동차정비검사,"자동차정비검사_	중고차 성능·상태점검2","자동차정비검사	중고차 성능·상태점검2",2017-05-26,한국산업인력공단
동영상콘텐츠,자동차정비검사,"자동차정비검사_	중고차 성능·상태점검3","자동차정비검사	중고차 성능·상태점검3",2017-05-26,한국산업인력공단
동영상콘텐츠,자동차차체정비,"자동차차체정비_	볼트 온 패널 단품 교환1","자동차차체정비	볼트 온 패널 단품 교환1",2017-05-26,한국산업인력공단
동영상콘텐츠,자동차차체정비,"자동차차체정비_	볼트 온 패널 단품 교환2","자동차차체정비	볼트 온 패널 단품 교환2",2017-05-26,한국산업인력공단
동영상콘텐츠,자동차차체정비,"자동차차체정비_	볼트 온 패널 단품 교환3","자동차차체정비	볼트 온 패널 단품 교환3",2017-05-26,한국산업인력공단
동영상콘텐츠,자동차차체정비,"자동차차체정비_	자동차정비고객상담",고객 의뢰 사항 청취 및 고객 만족도 확인,2017-05-26,한국산업인력공단
동영상콘텐츠,자동차차체정비,"자동차차체정비_	자동차정비작업환경관리","자동차차체정비	자동차정비작업환경관리",2017-05-26,한국산업인력공단
동영상콘텐츠,자동차차체정비,"자동차차체정비_	차량파손·차체변형 계측작업1","자동차차체정비	차량파손·차체변형 계측작업1",2017-05-26,한국산업인력공단
동영상콘텐츠,자동차차체정비,"자동차차체정비_	차량파손·차체변형 계측작업2","자동차차체정비	차량파손·차체변형 계측작업2",2017-05-26,한국산업인력공단
동영상콘텐츠,자동차차체정비,"자동차차체정비_	차체 방음·방청·방진·방수 작업1","자동차차체정비	차체 방음·방청·방진·방수 작업1",2017-05-26,한국산업인력공단
동영상콘텐츠,자동차차체정비,"자동차차체정비_	차체 방음·방청·방진·방수 작업2","자동차차체정비	차체 방음·방청·방진·방수 작업2",2017-05-26,한국산업인력공단
동영상콘텐츠,자동차차체정비,"자동차차체정비_	차체 방음·방청·방진·방수 작업3","자동차차체정비	차체 방음·방청·방진·방수 작업3",2017-05-26,한국산업인력공단
동영상콘텐츠,자동차차체정비,"자동차차체정비_	차체 수정1","자동차차체정비	차체 수정1",2017-05-26,한국산업인력공단
동영상콘텐츠,자동차차체정비,"자동차차체정비_	차체 수정2","자동차차체정비	차체 수정2",2017-05-26,한국산업인력공단
동영상콘텐츠,자동차차체정비,"자동차차체정비_	차체 수정3","자동차차체정비	차체 수정3",2017-05-26,한국산업인력공단
동영상콘텐츠,자동차차체정비,"자동차차체정비_	차체 신소재 부품 수리·교환1","자동차차체정비	차체 신소재 부품 수리·교환1",2017-05-26,한국산업인력공단
동영상콘텐츠,자동차차체정비,"자동차차체정비_	차체 신소재 부품 수리·교환2","자동차차체정비	차체 신소재 부품 수리·교환2",2017-05-26,한국산업인력공단
동영상콘텐츠,자동차차체정비,"자동차차체정비_	차체 신소재 부품 수리·교환3","자동차차체정비	차체 신소재 부품 수리·교환3",2017-05-26,한국산업인력공단
동영상콘텐츠,자동차차체정비,"자동차차체정비_	차체 용접·접합1","자동차차체정비	차체 용접·접합1",2017-05-26,한국산업인력공단
동영상콘텐츠,자동차차체정비,"자동차차체정비_	차체 용접·접합2","자동차차체정비	차체 용접·접합2",2017-05-26,한국산업인력공단
동영상콘텐츠,자동차차체정비,"자동차차체정비_	차체 용접·접합3","자동차차체정비	차체 용접·접합3",2017-05-26,한국산업인력공단
동영상콘텐츠,자동차차체정비,"자동차차체정비_	차체 용접·접합4","자동차차체정비	차체 용접·접합4",2017-05-26,한국산업인력공단
동영상콘텐츠,자동차차체정비,"자동차차체정비_	차체 패널 수정·교환1","자동차차체정비	차체 패널 수정·교환1",2017-05-26,한국산업인력공단
동영상콘텐츠,자동차차체정비,"자동차차체정비_	차체 패널 수정·교환2","자동차차체정비	차체 패널 수정·교환2",2017-05-26,한국산업인력공단
동영상콘텐츠,자동차차체정비,"자동차차체정비_	차체 패널 수정·교환3","자동차차체정비	차체 패널 수정·교환3",2017-05-26,한국산업인력공단
동영상콘텐츠,자동차차체정비,"자동차차체정비_	차체수리 마무리 점검1","자동차차체정비	차체수리 마무리 점검1",2017-05-26,한국산업인력공단
동영상콘텐츠,자동차차체정비,"자동차차체정비_	차체수리 마무리 점검2","자동차차체정비	차체수리 마무리 점검2",2017-05-26,한국산업인력공단
동영상콘텐츠,자동차차체정비,"자동차차체정비_	차체수리계획1","자동차차체정비	차체수리계획1",2017-05-26,한국산업인력공단
동영상콘텐츠,자동차차체정비,"자동차차체정비_	차체수리계획2","자동차차체정비	차체수리계획2",2017-05-26,한국산업인력공단
동영상콘텐츠,자동차차체정비,"자동차차체정비_	차체정비 장비 유지 보수1","자동차차체정비	차체정비 장비 유지 보수1",2017-05-26,한국산업인력공단
동영상콘텐츠,자동차차체정비,"자동차차체정비_	차체정비 장비 유지 보수2","자동차차체정비	차체정비 장비 유지 보수2",2017-05-26,한국산업인력공단
동영상콘텐츠,전송시스템구축,"전송시스템구축_	전송시스템 시험1","전송시스템구축	전송시스템 시험1",2017-05-26,한국산업인력공단
동영상콘텐츠,전송시스템구축,"전송시스템구축_	전송시스템 시험2","전송시스템구축	전송시스템 시험2",2017-05-26,한국산업인력공단
동영상콘텐츠,전송시스템구축,"전송시스템구축_	전송시스템 시험3","전송시스템구축	전송시스템 시험3",2017-05-26,한국산업인력공단
동영상콘텐츠,전송시스템구축,"전송시스템구축_	전송시스템구축 공사1","전송시스템구축	전송시스템구축 공사1",2017-05-26,한국산업인력공단
동영상콘텐츠,전송시스템구축,"전송시스템구축_	전송시스템구축 공사2","전송시스템구축	전송시스템구축 공사2",2017-05-26,한국산업인력공단
동영상콘텐츠,전송시스템구축,"전송시스템구축_	전송시스템구축 공사3","전송시스템구축	전송시스템구축 공사3",2017-05-26,한국산업인력공단
동영상콘텐츠,전송시스템구축,"전송시스템구축_	전송시스템구축 하자관리1","전송시스템구축	전송시스템구축 하자관리1",2017-05-26,한국산업인력공단
동영상콘텐츠,전송시스템구축,"전송시스템구축_	전송시스템구축 하자관리2","전송시스템구축	전송시스템구축 하자관리2",2017-05-26,한국산업인력공단
동영상콘텐츠,전송시스템구축,"전송시스템구축_	전송시스템구축 하자관리3","전송시스템구축	전송시스템구축 하자관리3",2017-05-26,한국산업인력공단
동영상콘텐츠,SW제품기획,SW제품기획_SW제품 지원 계획 수립2,SW제품기획 SW제품 지원 계획 수립2,2017-04-05,한국산업인력공단
동영상콘텐츠,SW제품기획,SW제품기획_중장기 로드맵 수립2,SW제품기획 중장기 로드맵 수립2,2017-04-05,한국산업인력공단
동영상콘텐츠,SW제품기획,SW제품기획_SW제품 개발 계획 수립2 ,SW제품기획 SW제품 개발 계획 수립2 ,2017-02-16,한국산업인력공단
동영상콘텐츠,SW제품기획,SW제품기획_SW제품 개발 계획 수립1,SW제품기획 SW제품 개발 계획 수립1,2017-02-16,한국산업인력공단
동영상콘텐츠,SW제품기획,SW제품기획_SW제품 기술 검토1,SW제품기획 SW제품 기술 검토1,2017-02-16,한국산업인력공단
동영상콘텐츠,SW제품기획,SW제품기획_SW제품 기술 검토2,SW제품기획 SW제품 기술 검토2,2017-02-16,한국산업인력공단
동영상콘텐츠,SW제품기획,SW제품기획_SW제품 마케팅 계획 수립1,SW제품기획 SW제품 마케팅 계획 수립1,2017-02-16,한국산업인력공단
동영상콘텐츠,SW제품기획,SW제품기획_SW제품 마케팅 계획 수립2,SW제품기획 SW제품 마케팅 계획 수립2,2017-02-16,한국산업인력공단
동영상콘텐츠,SW제품기획,SW제품기획_SW제품 사양 정의1,SW제품기획 SW제품 사양 정의1,2017-02-16,한국산업인력공단
동영상콘텐츠,SW제품기획,SW제품기획_SW제품 사양 정의2,SW제품기획 SW제품 사양 정의2,2017-02-16,한국산업인력공단
동영상콘텐츠,SW제품기획,SW제품기획_SW제품 시장성 분석1,SW제품기획 SW제품 시장성 분석1,2017-02-16,한국산업인력공단
동영상콘텐츠,SW제품기획,SW제품기획_SW제품 시장성 분석2,SW제품기획 SW제품 시장성 분석2,2017-02-16,한국산업인력공단
동영상콘텐츠,SW제품기획,SW제품기획_SW제품 지원 계획 수립1,SW제품기획 SW제품 지원 계획 수립1,2017-02-16,한국산업인력공단
동영상콘텐츠,SW제품기획,SW제품기획_SW제품 판매 계획 수립1,SW제품기획 SW제품 판매 계획 수립1,2017-02-16,한국산업인력공단
동영상콘텐츠,SW제품기획,SW제품기획_SW제품 판매 계획 수립2,SW제품기획 SW제품 판매 계획 수립2,2017-02-16,한국산업인력공단
동영상콘텐츠,SW제품기획,SW제품기획_기업 내부 환경 분석1,기업 내부 환경 분석1,2017-02-16,한국산업인력공단
동영상콘텐츠,SW제품기획,SW제품기획_기업 내부 환경 분석2 ,SW제품기획 기업 내부 환경 분석2 ,2017-02-16,한국산업인력공단
동영상콘텐츠,SW제품기획,SW제품기획_기업 외부 환경 분석1,SW제품기획 기업 외부 환경 분석1,2017-02-16,한국산업인력공단
동영상콘텐츠,SW제품기획,SW제품기획_기업 외부 환경 분석2,기업 외부 환경 분석2,2017-02-16,한국산업인력공단
동영상콘텐츠,SW제품기획,SW제품기획_중장기 로드맵 수립1,SW제품기획 중장기 로드맵 수립1,2017-02-16,한국산업인력공단
동영상콘텐츠,응용SW엔지니어링,응용SW엔지니어링_ 요구사항 확인2,응용SW엔지니어링  요구사항 확인2,2017-02-16,한국산업인력공단
동영상콘텐츠,응용SW엔지니어링,응용SW엔지니어링_개발자 테스트1,응용SW엔지니어링 개발자 테스트1,2017-02-16,한국산업인력공단
동영상콘텐츠,응용SW엔지니어링,응용SW엔지니어링_개발자 테스트2,응용SW엔지니어링 개발자 테스트2,2017-02-16,한국산업인력공단
동영상콘텐츠,응용SW엔지니어링,응용SW엔지니어링_개발자 테스트3,응용SW엔지니어링 개발자 테스트3,2017-02-16,한국산업인력공단
동영상콘텐츠,응용SW엔지니어링,응용SW엔지니어링_데이터 입출력 구현1,응용SW엔지니어링 데이터 입출력 구현1,2017-02-16,한국산업인력공단
동영상콘텐츠,응용SW엔지니어링,응용SW엔지니어링_데이터 입출력 구현2,응용SW엔지니어링 데이터 입출력 구현2,2017-02-16,한국산업인력공단
동영상콘텐츠,응용SW엔지니어링,응용SW엔지니어링_데이터 입출력 구현3,응용SW엔지니어링 데이터 입출력 구현3,2017-02-16,한국산업인력공단
동영상콘텐츠,응용SW엔지니어링,응용SW엔지니어링_데이터 입출력 구현4,응용SW엔지니어링 데이터 입출력 구현4,2017-02-16,한국산업인력공단
동영상콘텐츠,응용SW엔지니어링,응용SW엔지니어링_소프트웨어공학 활용1,응용SW엔지니어링 소프트웨어공학 활용1,2017-02-16,한국산업인력공단
동영상콘텐츠,응용SW엔지니어링,응용SW엔지니어링_소프트웨어공학 활용2,응용SW엔지니어링 소프트웨어공학 활용2,2017-02-16,한국산업인력공단
동영상콘텐츠,응용SW엔지니어링,응용SW엔지니어링_애플리케이션 구현1,응용SW엔지니어링 애플리케이션 구현1,2017-02-16,한국산업인력공단
동영상콘텐츠,응용SW엔지니어링,응용SW엔지니어링_애플리케이션 구현2,응용SW엔지니어링 애플리케이션 구현2,2017-02-16,한국산업인력공단
동영상콘텐츠,응용SW엔지니어링,응용SW엔지니어링_애플리케이션 구현3,응용SW엔지니어링 애플리케이션 구현3,2017-02-16,한국산업인력공단
동영상콘텐츠,응용SW엔지니어링,응용SW엔지니어링_애플리케이션 구현4,응용SW엔지니어링 애플리케이션 구현4,2017-02-16,한국산업인력공단
동영상콘텐츠,응용SW엔지니어링,응용SW엔지니어링_애플리케이션 구현5,응용SW엔지니어링 애플리케이션 구현5,2017-02-16,한국산업인력공단
동영상콘텐츠,응용SW엔지니어링,응용SW엔지니어링_애플리케이션 구현6,응용SW엔지니어링 애플리케이션 구현6,2017-02-16,한국산업인력공단
동영상콘텐츠,응용SW엔지니어링,응용SW엔지니어링_애플리케이션 설계1,응용SW엔지니어링 애플리케이션 설계1,2017-02-16,한국산업인력공단
동영상콘텐츠,응용SW엔지니어링,응용SW엔지니어링_애플리케이션 설계2,응용SW엔지니어링 애플리케이션 설계2,2017-02-16,한국산업인력공단
동영상콘텐츠,응용SW엔지니어링,응용SW엔지니어링_애플리케이션 설계3,응용SW엔지니어링 애플리케이션 설계3,2017-02-16,한국산업인력공단
동영상콘텐츠,응용SW엔지니어링,응용SW엔지니어링_애플리케이션 설계4,응용SW엔지니어링 애플리케이션 설계4,2017-02-16,한국산업인력공단
동영상콘텐츠,응용SW엔지니어링,응용SW엔지니어링_요구사항 확인1,응용SW엔지니어링 요구사항 확인1,2017-02-16,한국산업인력공단
동영상콘텐츠,응용SW엔지니어링,응용SW엔지니어링_요구사항 확인3,응용SW엔지니어링 요구사항 확인3,2017-02-16,한국산업인력공단
동영상콘텐츠,응용SW엔지니어링,응용SW엔지니어링_통합 구현1,응용SW엔지니어링 통합 구현1,2017-02-16,한국산업인력공단
동영상콘텐츠,응용SW엔지니어링,응용SW엔지니어링_통합 구현2,응용SW엔지니어링 통합 구현2,2017-02-16,한국산업인력공단
동영상콘텐츠,응용SW엔지니어링,응용SW엔지니어링_통합 구현3,응용SW엔지니어링 통합 구현3,2017-02-16,한국산업인력공단
동영상콘텐츠,응용SW엔지니어링,응용SW엔지니어링_화면 구현1,응용SW엔지니어링 화면 구현1,2017-02-16,한국산업인력공단
동영상콘텐츠,응용SW엔지니어링,응용SW엔지니어링_화면 구현2,응용SW엔지니어링 화면 구현2,2017-02-16,한국산업인력공단
동영상콘텐츠,응용SW엔지니어링,응용SW엔지니어링_화면 구현3,응용SW엔지니어링 화면 구현3,2017-02-16,한국산업인력공단
동영상콘텐츠,오토캐드(AutoCAD),오토캐드(AutoCAD)1,01.AutoCAD 시작하기,2016-05-01,한국산업인력공단
동영상콘텐츠,오토캐드(AutoCAD),오토캐드(AutoCAD)2,02.다양한 선의 작성 1,2016-05-01,한국산업인력공단
동영상콘텐츠,오토캐드(AutoCAD),오토캐드(AutoCAD)3,03.다양한 선의 작성 2,2016-05-01,한국산업인력공단
동영상콘텐츠,오토캐드(AutoCAD),오토캐드(AutoCAD)4,04.다양한 선의 작성 3,2016-05-01,한국산업인력공단
동영상콘텐츠,오토캐드(AutoCAD),오토캐드(AutoCAD)5,05.선의 삭제와 정리,2016-05-01,한국산업인력공단
동영상콘텐츠,오토캐드(AutoCAD),오토캐드(AutoCAD)6,06.선의 절단과 연결,2016-05-01,한국산업인력공단
동영상콘텐츠,오토캐드(AutoCAD),오토캐드(AutoCAD)7,07.선의 분할과 표시,2016-05-01,한국산업인력공단
동영상콘텐츠,오토캐드(AutoCAD),오토캐드(AutoCAD)8,08.모서리의 정리,2016-05-01,한국산업인력공단
동영상콘텐츠,오토캐드(AutoCAD),오토캐드(AutoCAD)9,09.단순 이동과 복사,2016-05-01,한국산업인력공단
동영상콘텐츠,오토캐드(AutoCAD),오토캐드(AutoCAD)10,10.대칭과 배열 복사,2016-05-01,한국산업인력공단
동영상콘텐츠,오토캐드(AutoCAD),오토캐드(AutoCAD)11,11.직선 도형의 작성,2016-05-01,한국산업인력공단
동영상콘텐츠,오토캐드(AutoCAD),오토캐드(AutoCAD)12,12.곡선 도형의 작성,2016-05-01,한국산업인력공단
동영상콘텐츠,오토캐드(AutoCAD),오토캐드(AutoCAD)13,13.객체 크기의 변경,2016-05-01,한국산업인력공단
동영상콘텐츠,오토캐드(AutoCAD),오토캐드(AutoCAD)14,14.객체 회전과 정렬,2016-05-01,한국산업인력공단
동영상콘텐츠,오토캐드(AutoCAD),오토캐드(AutoCAD)15,15.해체 및 영역 작성,2016-05-01,한국산업인력공단
동영상콘텐츠,오토캐드(AutoCAD),오토캐드(AutoCAD)16,16.기타 명령어,2016-05-01,한국산업인력공단
동영상콘텐츠,오토캐드(AutoCAD),오토캐드(AutoCAD)17,17.도면층의 설정,2016-05-01,한국산업인력공단
동영상콘텐츠,오토캐드(AutoCAD),오토캐드(AutoCAD)18,18.블록 객체의 작성,2016-05-01,한국산업인력공단
동영상콘텐츠,오토캐드(AutoCAD),오토캐드(AutoCAD)19,19.문자의 작성과 수정,2016-05-01,한국산업인력공단
동영상콘텐츠,오토캐드(AutoCAD),오토캐드(AutoCAD)20,20.치수의 작성과 수정,2016-05-01,한국산업인력공단
동영상콘텐츠,오토캐드(AutoCAD),오토캐드(AutoCAD)21,21.지시선의 작성과 수정,2016-05-01,한국산업인력공단
동영상콘텐츠,오토캐드(AutoCAD),오토캐드(AutoCAD)22,22.표의 작성과 수정,2016-05-01,한국산업인력공단
동영상콘텐츠,오토캐드(AutoCAD),오토캐드(AutoCAD)23,23.출력과 배치,2016-05-01,한국산업인력공단
동영상콘텐츠,기계요소설계,기계요소설계1,1) 총론,2016-03-31,한국산업인력공단
동영상콘텐츠,기계요소설계,기계요소설계2,"10) 완충, 제동용 및 관계 기계요소",2016-03-31,한국산업인력공단
동영상콘텐츠,기계요소설계,기계요소설계3,2) 결합용 기계요소(1),2016-03-31,한국산업인력공단
동영상콘텐츠,기계요소설계,기계요소설계4,3) 결합용 기계요소(2),2016-03-31,한국산업인력공단
동영상콘텐츠,기계요소설계,기계요소설계5,4) 축계 기계요소(1),2016-03-31,한국산업인력공단
동영상콘텐츠,기계요소설계,기계요소설계6,5) 축계 기계요소(2),2016-03-31,한국산업인력공단
동영상콘텐츠,기계요소설계,기계요소설계7,6) 축계 기계요소(3),2016-03-31,한국산업인력공단
동영상콘텐츠,기계요소설계,기계요소설계8,7) 간접전동 기계요소,2016-03-31,한국산업인력공단
동영상콘텐츠,기계요소설계,기계요소설계9,8) 직접전동 기계요소(1),2016-03-31,한국산업인력공단
동영상콘텐츠,기계요소설계,기계요소설계10,9) 직접전동 기계요소(2),2016-03-31,한국산업인력공단
동영상콘텐츠,기계제도,기계제도1,1) 제도의 기본,2016-03-31,한국산업인력공단
동영상콘텐츠,기계제도,기계제도2,10) 기계 재료의 표시 방법과 배관 도시 기호,2016-03-31,한국산업인력공단
동영상콘텐츠,기계제도,기계제도3,2) 투상법 및 도형의 표시법,2016-03-31,한국산업인력공단
동영상콘텐츠,기계제도,기계제도4,3) 단면도의 표시 방법과 종류,2016-03-31,한국산업인력공단
동영상콘텐츠,기계제도,기계제도5,4) 도형의 생략과 특별한 도시 방법,2016-03-31,한국산업인력공단
동영상콘텐츠,기계제도,기계제도6,5) 치수 기입 방법의 일반 형식,2016-03-31,한국산업인력공단
동영상콘텐츠,기계제도,기계제도7,6) 여러 가지 요소의 치수 기입,2016-03-31,한국산업인력공단
동영상콘텐츠,기계제도,기계제도8,7) 표면 거칠기와 다듬질 기호,2016-03-31,한국산업인력공단
동영상콘텐츠,기계제도,기계제도9,8) 공차와 끼워 맞춤,2016-03-31,한국산업인력공단
동영상콘텐츠,기계제도,기계제도10,9) 기하 공차,2016-03-31,한국산업인력공단
동영상콘텐츠,네일아트,네일아트1,1) 네일의 개념 및 네일 미용의 종류,2016-03-31,한국산업인력공단
동영상콘텐츠,네일아트,네일아트2,10) 젤 보수 및 제거,2016-03-31,한국산업인력공단
동영상콘텐츠,네일아트,네일아트3,11) 아크릴릭 네일1,2016-03-31,한국산업인력공단
동영상콘텐츠,네일아트,네일아트4,12) 아크릴릭 네일2,2016-03-31,한국산업인력공단
동영상콘텐츠,네일아트,네일아트5,13) 아크릴릭 네일3,2016-03-31,한국산업인력공단
동영상콘텐츠,네일아트,네일아트6,14) 아크릴릭 보수 및 제거,2016-03-31,한국산업인력공단
동영상콘텐츠,네일아트,네일아트7,15) 융합 네일아트1,2016-03-31,한국산업인력공단
동영상콘텐츠,네일아트,네일아트8,16) 융합 네일아트2,2016-03-31,한국산업인력공단
동영상콘텐츠,네일아트,네일아트9,17) 융합 네일아트3,2016-03-31,한국산업인력공단
동영상콘텐츠,네일아트,네일아트10,18) 융합 네일아트4,2016-03-31,한국산업인력공단
동영상콘텐츠,네일아트,네일아트11,19) 홈케어 손 관리법,2016-03-31,한국산업인력공단
동영상콘텐츠,네일아트,네일아트12,2) 네일 기본 관리,2016-03-31,한국산업인력공단
동영상콘텐츠,네일아트,네일아트13,20) 네일의 비전,2016-03-31,한국산업인력공단
동영상콘텐츠,네일아트,네일아트14,3) 폴리쉬아트,2016-03-31,한국산업인력공단
동영상콘텐츠,네일아트,네일아트15,4) 패디큐어,2016-03-31,한국산업인력공단
동영상콘텐츠,네일아트,네일아트16,5) 랩핑,2016-03-31,한국산업인력공단
동영상콘텐츠,네일아트,네일아트17,6) 젤 네일1,2016-03-31,한국산업인력공단
동영상콘텐츠,네일아트,네일아트18,7) 젤 네일2,2016-03-31,한국산업인력공단
동영상콘텐츠,네일아트,네일아트19,8) 젤 네일3,2016-03-31,한국산업인력공단
동영상콘텐츠,네일아트,네일아트20,9) 컬러 팁,2016-03-31,한국산업인력공단
동영상콘텐츠,전기내선공사실기,전기내선공사실기1,1) 내선공사관리,2016-03-31,한국산업인력공단
동영상콘텐츠,전기내선공사실기,전기내선공사실기2,10)자동문 제어장치 특성 이해하기,2016-03-31,한국산업인력공단
동영상콘텐츠,전기내선공사실기,전기내선공사실기3,11)건조로 제어장치 특성 이해하기,2016-03-31,한국산업인력공단
동영상콘텐츠,전기내선공사실기,전기내선공사실기4,12)급수/배수 제어장치 특성 이해하기,2016-03-31,한국산업인력공단
동영상콘텐츠,전기내선공사실기,전기내선공사실기5,13)전동기 특성 이해 및 정역회전 공사하기,2016-03-31,한국산업인력공단
동영상콘텐츠,전기내선공사실기,전기내선공사실기6,14)전동기 순차제어회로 공사하기,2016-03-31,한국산업인력공단
동영상콘텐츠,전기내선공사실기,전기내선공사실기7,15)수변전설비 특성 이해하기,2016-03-31,한국산업인력공단
동영상콘텐츠,전기내선공사실기,전기내선공사실기8,16)수변전설비 운전하기,2016-03-31,한국산업인력공단
동영상콘텐츠,전기내선공사실기,전기내선공사실기9,17)접지설비 특성 이해하기,2016-03-31,한국산업인력공단
동영상콘텐츠,전기내선공사실기,전기내선공사실기10,18)자동화재 탐지설비 공사하기,2016-03-31,한국산업인력공단
동영상콘텐츠,전기내선공사실기,전기내선공사실기11,19)예비전원설비 구성 이해하기,2016-03-31,한국산업인력공단
동영상콘텐츠,전기내선공사실기,전기내선공사실기12,2)전기설비기술기준(1),2016-03-31,한국산업인력공단
동영상콘텐츠,전기내선공사실기,전기내선공사실기13,20)태양광발전설비 시스템 이해하기,2016-03-31,한국산업인력공단
동영상콘텐츠,전기내선공사실기,전기내선공사실기14,3)전기설비기술기준(2),2016-03-31,한국산업인력공단
동영상콘텐츠,전기내선공사실기,전기내선공사실기15,"4)놉, 애자 및 케이블 공사하기",2016-03-31,한국산업인력공단
동영상콘텐츠,전기내선공사실기,전기내선공사실기16,5)내충격 경질비닐(PVC) 전선관 특성 이해 및 공사하기,2016-03-31,한국산업인력공단
동영상콘텐츠,전기내선공사실기,전기내선공사실기17,6)합성수지제 가요관 특성 이해 및 공사하기,2016-03-31,한국산업인력공단
동영상콘텐츠,전기내선공사실기,전기내선공사실기18,7)금속전선관 특성 이해 및 공사하기,2016-03-31,한국산업인력공단
동영상콘텐츠,전기내선공사실기,전기내선공사실기19,8)조명 및 전등설비 공사하기,2016-03-31,한국산업인력공단
동영상콘텐츠,전기내선공사실기,전기내선공사실기20,"9)동력, 전력설비 기기 특성 이해하기",2016-03-31,한국산업인력공단
동영상콘텐츠,뉴그린카,뉴그린카,뉴그린카,2016-03-16,한국산업인력공단
동영상콘텐츠,자동차기관,자동차기관,자동차기관,2016-03-16,한국산업인력공단
동영상콘텐츠,자동차섀시,자동차섀시,자동차섀시,2016-03-16,한국산업인력공단
동영상콘텐츠,네트워크구축실기,네트워크구축실기,네트워크구축실기,2014-12-15,한국산업인력공단
동영상콘텐츠,두피모발관리,두피모발관리,두피모발관리,2014-12-15,한국산업인력공단
동영상콘텐츠,생산경영,생산경영,생산경영,2014-12-15,한국산업인력공단
동영상콘텐츠,용접일반,용접일반,용접일반,2014-12-15,한국산업인력공단
동영상콘텐츠,PLC실기,PLC실기,PLC실기,2013-12-15,한국산업인력공단
동영상콘텐츠,기초전자실기,기초전자실기,기초전자실기,2013-12-15,한국산업인력공단
동영상콘텐츠,전략적인적자원관리,전략적인적자원관리,전략적인적자원관리,2013-12-15,한국산업인력공단
동영상콘텐츠,직장선택과 적응노하우,직장선택과 적응노하우,직장선택과 적응노하우,2013-12-15,한국산업인력공단
동영상콘텐츠,LED조명,LED조명1,1. 제1장 빛이란?,2013-05-28,한국산업인력공단
동영상콘텐츠,LED조명,LED조명2,"10. 제5장 패키지 공정, SMT",2013-05-28,한국산업인력공단
동영상콘텐츠,LED조명,LED조명3,"11. 제6장 전기적 특성, 열적 동특성, 열저항 특성",2013-05-28,한국산업인력공단
동영상콘텐츠,LED조명,LED조명4,"12. 제6장 광학적 특성, 반도체 재료 특성, 설명서",2013-05-28,한국산업인력공단
동영상콘텐츠,LED조명,LED조명5,"13. 제7장 구동회로의 설계절차, 방식, 분류",2013-05-28,한국산업인력공단
동영상콘텐츠,LED조명,LED조명6,"14. 제7장 구동회로 IC, 배열",2013-05-28,한국산업인력공단
동영상콘텐츠,LED조명,LED조명7,"15. 제7장 SMPS, 디밍, 콘트롤러 배선도",2013-05-28,한국산업인력공단
동영상콘텐츠,LED조명,LED조명8,"16. 제8장 가로등, 교통 신호등",2013-05-28,한국산업인력공단
동영상콘텐츠,LED조명,LED조명9,"17. 제8장 디스플레이, 유도등, 해상 등명기",2013-05-28,한국산업인력공단
동영상콘텐츠,LED조명,LED조명10,"2. 제2장 조명특성 측정단위, LED용어",2013-05-28,한국산업인력공단
동영상콘텐츠,LED조명,LED조명11,3. 제2장 발광과 전등효율,2013-05-28,한국산업인력공단
동영상콘텐츠,LED조명,LED조명12,"4. 제2장 광원과 발광, 기존광원과 비교",2013-05-28,한국산업인력공단
동영상콘텐츠,LED조명,LED조명13,5. 제3장 LED조명 1,2013-05-28,한국산업인력공단
동영상콘텐츠,LED조명,LED조명14,6. 제3장 LED조명 2,2013-05-28,한국산업인력공단
동영상콘텐츠,LED조명,LED조명15,"7. 제4장 외형, 구조, LED에 사용되는 반도체",2013-05-28,한국산업인력공단
동영상콘텐츠,LED조명,LED조명16,"8. 제4장 동작, 발광의 따른 구분, OLED",2013-05-28,한국산업인력공단
동영상콘텐츠,LED조명,LED조명17,"9. 제5장 칩 제조 공정, 패키지용 물질",2013-05-28,한국산업인력공단
동영상콘텐츠,"그린카-연료전지,전기,천연가스","그린카-연료전지,전기,천연가스1",1.제1장 자동차와 대기오염-1절 개요,2013-05-27,한국산업인력공단
동영상콘텐츠,"그린카-연료전지,전기,천연가스","그린카-연료전지,전기,천연가스2",10.제2장 연소와 배출가스-5절 국내 외 기술개발현황1,2013-05-27,한국산업인력공단
동영상콘텐츠,"그린카-연료전지,전기,천연가스","그린카-연료전지,전기,천연가스3",11.제2장 연소와 배출가스-5절 국내 외 기술개발현황2,2013-05-27,한국산업인력공단
동영상콘텐츠,"그린카-연료전지,전기,천연가스","그린카-연료전지,전기,천연가스4",12.제2장 연소와 배출가스-6절 규제현황,2013-05-27,한국산업인력공단
동영상콘텐츠,"그린카-연료전지,전기,천연가스","그린카-연료전지,전기,천연가스5",13.제3장 저감기술-1절 천연가스의 일반사항,2013-05-27,한국산업인력공단
동영상콘텐츠,"그린카-연료전지,전기,천연가스","그린카-연료전지,전기,천연가스6",14.제3장 저감기술-2절 천연가스 자동차 엔진1,2013-05-27,한국산업인력공단
동영상콘텐츠,"그린카-연료전지,전기,천연가스","그린카-연료전지,전기,천연가스7",15.제3장 저감기술-2절 천연가스 자동차 엔진2,2013-05-27,한국산업인력공단
동영상콘텐츠,"그린카-연료전지,전기,천연가스","그린카-연료전지,전기,천연가스8",16.제3장 저감기술-3절 기술개발 현황1,2013-05-27,한국산업인력공단
동영상콘텐츠,"그린카-연료전지,전기,천연가스","그린카-연료전지,전기,천연가스9",17.제3장 저감기술-3절 기술개발 현황2,2013-05-27,한국산업인력공단
동영상콘텐츠,"그린카-연료전지,전기,천연가스","그린카-연료전지,전기,천연가스10",18.제4장 연료와 배출가스-1/2절 개발 필요성과 석유계 연료,2013-05-27,한국산업인력공단
동영상콘텐츠,"그린카-연료전지,전기,천연가스","그린카-연료전지,전기,천연가스11",19.제4장 연료와 배출가스-3절 석유 대체연료 자동차,2013-05-27,한국산업인력공단
동영상콘텐츠,"그린카-연료전지,전기,천연가스","그린카-연료전지,전기,천연가스12",2.제1장 자동차와 대기오염-2절 원리,2013-05-27,한국산업인력공단
동영상콘텐츠,"그린카-연료전지,전기,천연가스","그린카-연료전지,전기,천연가스13",20.제4장 연료와 배출가스-3/4절 석유 대체연료 자동차와 전망,2013-05-27,한국산업인력공단
동영상콘텐츠,"그린카-연료전지,전기,천연가스","그린카-연료전지,전기,천연가스14",3.제1장 자동차와 대기오염-3/6절 기본구성,2013-05-27,한국산업인력공단
동영상콘텐츠,"그린카-연료전지,전기,천연가스","그린카-연료전지,전기,천연가스15",4.제1장 자동차와 대기오염-7절 구조1,2013-05-27,한국산업인력공단
동영상콘텐츠,"그린카-연료전지,전기,천연가스","그린카-연료전지,전기,천연가스16",5.제1장 자동차와 대기오염-7절 구조2,2013-05-27,한국산업인력공단
동영상콘텐츠,"그린카-연료전지,전기,천연가스","그린카-연료전지,전기,천연가스17",6.제1장 자동차와 대기오염-8절 개발현황,2013-05-27,한국산업인력공단
동영상콘텐츠,"그린카-연료전지,전기,천연가스","그린카-연료전지,전기,천연가스18",7.제2장 연소와 배출가스-1/2절 개발목적과 배경,2013-05-27,한국산업인력공단
동영상콘텐츠,"그린카-연료전지,전기,천연가스","그린카-연료전지,전기,천연가스19",8.제2장 연소와 배출가스-3절 개발현황,2013-05-27,한국산업인력공단
동영상콘텐츠,"그린카-연료전지,전기,천연가스","그린카-연료전지,전기,천연가스20",9.제2장 연소와 배출가스-4절 전기자동차의 구성,2013-05-27,한국산업인력공단
동영상콘텐츠,그린카-일반,그린카-일반1,1.개발과 현황,2013-05-24,한국산업인력공단
동영상콘텐츠,그린카-일반,그린카-일반2,10.친환경자동차2,2013-05-24,한국산업인력공단
동영상콘텐츠,그린카-일반,그린카-일반3,"2.지구온난화, 환경문제, 친환경의 반향",2013-05-24,한국산업인력공단
동영상콘텐츠,그린카-일반,그린카-일반4,3.녹색성장1,2013-05-24,한국산업인력공단
동영상콘텐츠,그린카-일반,그린카-일반5,4.녹색성장2,2013-05-24,한국산업인력공단
동영상콘텐츠,그린카-일반,그린카-일반6,5.주요국가의 연비정책동향,2013-05-24,한국산업인력공단
동영상콘텐츠,그린카-일반,그린카-일반7,6.자동차의 배출가스 규제 개요,2013-05-24,한국산업인력공단
동영상콘텐츠,그린카-일반,그린카-일반8,7.우리나라의 자동차 환경,2013-05-24,한국산업인력공단
동영상콘텐츠,그린카-일반,그린카-일반9,8.그린카의 시작과 방향,2013-05-24,한국산업인력공단
동영상콘텐츠,그린카-일반,그린카-일반10,9.친환경자동차1,2013-05-24,한국산업인력공단
동영상콘텐츠,연강판 플러스코어드 CO2 아크용접,연강판 플러스코어드 CO2 아크용접1,1.표면비드 쌓기,2013-05-24,한국산업인력공단
동영상콘텐츠,연강판 플러스코어드 CO2 아크용접,연강판 플러스코어드 CO2 아크용접2,2.아래보기 자세 비드 쌓기,2013-05-24,한국산업인력공단
동영상콘텐츠,연강판 플러스코어드 CO2 아크용접,연강판 플러스코어드 CO2 아크용접3,3.수평자세 T형 필릿용접,2013-05-24,한국산업인력공단
동영상콘텐츠,연강판 플러스코어드 CO2 아크용접,연강판 플러스코어드 CO2 아크용접4,4.수평자세 겹치기 필릿용접,2013-05-24,한국산업인력공단
동영상콘텐츠,연강판 플러스코어드 CO2 아크용접,연강판 플러스코어드 CO2 아크용접5,5.수평자세 모서리 용접,2013-05-24,한국산업인력공단
동영상콘텐츠,연강판 플러스코어드 CO2 아크용접,연강판 플러스코어드 CO2 아크용접6,6.맞대기 용접,2013-05-24,한국산업인력공단
동영상콘텐츠,연강판 플러스코어드 CO2 아크용접,연강판 플러스코어드 CO2 아크용접7,7.수직자세 V형 맞대기 용접,2013-05-24,한국산업인력공단
동영상콘텐츠,연강판 플러스코어드 CO2 아크용접,연강판 플러스코어드 CO2 아크용접8,8.아래보기 자세 V형 맞대기 용접,2013-05-24,한국산업인력공단
동영상콘텐츠,연강판 플러스코어드 CO2 아크용접,연강판 플러스코어드 CO2 아크용접9,9.수평자세 V형 맞대기 용접,2013-05-24,한국산업인력공단
동영상콘텐츠,유색보석감별,유색보석감별1,1. 보석 감별의 개요,2013-05-24,한국산업인력공단
동영상콘텐츠,유색보석감별,유색보석감별2,10. 기타 검사,2013-05-24,한국산업인력공단
동영상콘텐츠,유색보석감별,유색보석감별3,11. 첨단 분석기기 검사,2013-05-24,한국산업인력공단
동영상콘텐츠,유색보석감별,유색보석감별4,12. 감별 실습지 기록과 해석,2013-05-24,한국산업인력공단
동영상콘텐츠,유색보석감별,유색보석감별5,2. 외관검사,2013-05-24,한국산업인력공단
동영상콘텐츠,유색보석감별,유색보석감별6,3. 굴절률 검사,2013-05-24,한국산업인력공단
동영상콘텐츠,유색보석감별,유색보석감별7,4. 편광기 검사,2013-05-24,한국산업인력공단
동영상콘텐츠,유색보석감별,유색보석감별8,5. 다색성 검사,2013-05-24,한국산업인력공단
동영상콘텐츠,유색보석감별,유색보석감별9,6. 확대검사,2013-05-24,한국산업인력공단
동영상콘텐츠,유색보석감별,유색보석감별10,7. 형관성 검사,2013-05-24,한국산업인력공단
동영상콘텐츠,유색보석감별,유색보석감별11,8. 분광성 검사,2013-05-24,한국산업인력공단
동영상콘텐츠,유색보석감별,유색보석감별12,9. 비중 검사,2013-05-24,한국산업인력공단
동영상콘텐츠,귀금속 공예실무,귀금속 공예실무1,1.작업장 및 수공구,2013-05-23,한국산업인력공단
동영상콘텐츠,귀금속 공예실무,귀금속 공예실무2,"10.금속괴 만들기, 산세척하기",2013-05-23,한국산업인력공단
동영상콘텐츠,귀금속 공예실무,귀금속 공예실무3,"11.벼림하기, 각재와 면재만들기",2013-05-23,한국산업인력공단
동영상콘텐츠,귀금속 공예실무,귀금속 공예실무4,"12.선재만들기, 파이프만들기",2013-05-23,한국산업인력공단
동영상콘텐츠,귀금속 공예실무,귀금속 공예실무5,"13.편상 땜하기, 지러 땜하기",2013-05-23,한국산업인력공단
동영상콘텐츠,귀금속 공예실무,귀금속 공예실무6,"14.땜올려 붙이기, 핀셋에 땜을달아 땜하기",2013-05-23,한국산업인력공단
동영상콘텐츠,귀금속 공예실무,귀금속 공예실무7,15.기초반지-평반지만들기,2013-05-23,한국산업인력공단
동영상콘텐츠,귀금속 공예실무,귀금속 공예실무8,16.기초반지-반원지 만들기,2013-05-23,한국산업인력공단
동영상콘텐츠,귀금속 공예실무,귀금속 공예실무9,17.캐보션형 베즐세팅,2013-05-23,한국산업인력공단
동영상콘텐츠,귀금속 공예실무,귀금속 공예실무10,"18.캐보션형, 브릴리언트컷 세팅",2013-05-23,한국산업인력공단
동영상콘텐츠,귀금속 공예실무,귀금속 공예실무11,19.네발 및 이층테네발 프롱세팅,2013-05-23,한국산업인력공단
동영상콘텐츠,귀금속 공예실무,귀금속 공예실무12,2.금긋기 공구,2013-05-23,한국산업인력공단
동영상콘텐츠,귀금속 공예실무,귀금속 공예실무13,20.이층테네발 프롱세팅,2013-05-23,한국산업인력공단
동영상콘텐츠,귀금속 공예실무,귀금속 공예실무14,21.이니셜 목걸이 만들기,2013-05-23,한국산업인력공단
동영상콘텐츠,귀금속 공예실무,귀금속 공예실무15,22.발 프롱세팅 반지1,2013-05-23,한국산업인력공단
동영상콘텐츠,귀금속 공예실무,귀금속 공예실무16,23.발 프롱세팅 반지2,2013-05-23,한국산업인력공단
동영상콘텐츠,귀금속 공예실무,귀금속 공예실무17,24.침형 귀걸이 만들기1,2013-05-23,한국산업인력공단
동영상콘텐츠,귀금속 공예실무,귀금속 공예실무18,25.침형 귀걸이 만들기2,2013-05-23,한국산업인력공단
동영상콘텐츠,귀금속 공예실무,귀금속 공예실무19,26.팬던트 만들기1,2013-05-23,한국산업인력공단
동영상콘텐츠,귀금속 공예실무,귀금속 공예실무20,27.팬던트 만들기2,2013-05-23,한국산업인력공단
동영상콘텐츠,귀금속 공예실무,귀금속 공예실무21,3.죄기공구,2013-05-23,한국산업인력공단
동영상콘텐츠,귀금속 공예실무,귀금속 공예실무22,4.연마공구,2013-05-23,한국산업인력공단
동영상콘텐츠,귀금속 공예실무,귀금속 공예실무23,5.구멍뚫기,2013-05-23,한국산업인력공단
동영상콘텐츠,귀금속 공예실무,귀금속 공예실무24,6.톱질하기,2013-05-23,한국산업인력공단
동영상콘텐츠,귀금속 공예실무,귀금속 공예실무25,8.줄질하기,2013-05-23,한국산업인력공단
동영상콘텐츠,귀금속 공예실무,귀금속 공예실무26,9.용해준비,2013-05-23,한국산업인력공단
동영상콘텐츠,그린카-하이브리드,그린카-하이브리드1,1. 하이브리드 자동차의 개요-1절~3절,2013-05-23,한국산업인력공단
동영상콘텐츠,그린카-하이브리드,그린카-하이브리드2,10. 구동모터의 작동원리,2013-05-23,한국산업인력공단
동영상콘텐츠,그린카-하이브리드,그린카-하이브리드3,11. 모터의 구조 1절~3절,2013-05-23,한국산업인력공단
동영상콘텐츠,그린카-하이브리드,그린카-하이브리드4,12. 모터의 레졸버-4절,2013-05-23,한국산업인력공단
동영상콘텐츠,그린카-하이브리드,그린카-하이브리드5,13. 컨트롤 유닛 HUC,2013-05-23,한국산업인력공단
동영상콘텐츠,그린카-하이브리드,그린카-하이브리드6,14. 모터 컨트롤 유닛 MCU-1절~3절,2013-05-23,한국산업인력공단
동영상콘텐츠,그린카-하이브리드,그린카-하이브리드7,15. MCU 취급시 유의사항-4절~5절,2013-05-23,한국산업인력공단
동영상콘텐츠,그린카-하이브리드,그린카-하이브리드8,16. 고전압 배터리 1절~3절,2013-05-23,한국산업인력공단
동영상콘텐츠,그린카-하이브리드,그린카-하이브리드9,17. 고전압 배터리 시스템 제어 특성-4절,2013-05-23,한국산업인력공단
동영상콘텐츠,그린카-하이브리드,그린카-하이브리드10,2. 자동차 구동방식-4절,2013-05-23,한국산업인력공단
동영상콘텐츠,그린카-하이브리드,그린카-하이브리드11,3. 자동차 소개-5절,2013-05-23,한국산업인력공단
동영상콘텐츠,그린카-하이브리드,그린카-하이브리드12,4. 하이브리드의 주행모드-1~2절,2013-05-23,한국산업인력공단
동영상콘텐츠,그린카-하이브리드,그린카-하이브리드13,5. 자동차의 계기판 작동-3절,2013-05-23,한국산업인력공단
동영상콘텐츠,그린카-하이브리드,그린카-하이브리드14,6. 하이브리드의 구성,2013-05-23,한국산업인력공단
동영상콘텐츠,그린카-하이브리드,그린카-하이브리드15,7. 하이브리드의 엔진특성,2013-05-23,한국산업인력공단
동영상콘텐츠,그린카-하이브리드,그린카-하이브리드16,8. 가솔린 엔진에 적용된 신기술,2013-05-23,한국산업인력공단
동영상콘텐츠,그린카-하이브리드,그린카-하이브리드17,"9. 신기술 및 엔진시동, 주의사항",2013-05-23,한국산업인력공단
동영상콘텐츠,신재생에너지,신재생에너지1,1.신재생에너지 개론,2013-05-23,한국산업인력공단
동영상콘텐츠,신재생에너지,신재생에너지2,10.태양열시스템 구성과 동작원리,2013-05-23,한국산업인력공단
동영상콘텐츠,신재생에너지,신재생에너지3,"11.태양광에너지, 태양전지",2013-05-23,한국산업인력공단
동영상콘텐츠,신재생에너지,신재생에너지4,12.바이오에너지,2013-05-23,한국산업인력공단
동영상콘텐츠,신재생에너지,신재생에너지5,13.풍력에너지의 개요,2013-05-23,한국산업인력공단
동영상콘텐츠,신재생에너지,신재생에너지6,14.소수력에너지,2013-05-23,한국산업인력공단
동영상콘텐츠,신재생에너지,신재생에너지7,15.지열에너지,2013-05-23,한국산업인력공단
동영상콘텐츠,신재생에너지,신재생에너지8,16.해양에너지,2013-05-23,한국산업인력공단
동영상콘텐츠,신재생에너지,신재생에너지9,17.폐기물에너지,2013-05-23,한국산업인력공단
동영상콘텐츠,신재생에너지,신재생에너지10,2.신재생에너지,2013-05-23,한국산업인력공단
동영상콘텐츠,신재생에너지,신재생에너지11,3.재생에너지,2013-05-23,한국산업인력공단
동영상콘텐츠,신재생에너지,신재생에너지12,4.연료전지,2013-05-23,한국산업인력공단
동영상콘텐츠,신재생에너지,신재생에너지13,5.수소에너지1,2013-05-23,한국산업인력공단
동영상콘텐츠,신재생에너지,신재생에너지14,6.수소에너지2,2013-05-23,한국산업인력공단
동영상콘텐츠,신재생에너지,신재생에너지15,7.석탄액화 및 가스화에너지,2013-05-23,한국산업인력공단
동영상콘텐츠,신재생에너지,신재생에너지16,"8.석유, 천연가스",2013-05-23,한국산업인력공단
동영상콘텐츠,신재생에너지,신재생에너지17,9.태양열시스템 개요,2013-05-23,한국산업인력공단
동영상콘텐츠,알고리즘,알고리즘1,1.알고리즘의 개요,2013-05-23,한국산업인력공단
동영상콘텐츠,알고리즘,알고리즘2,10.종합평가,2013-05-23,한국산업인력공단
동영상콘텐츠,알고리즘,알고리즘3,2.기본 알고리즘,2013-05-23,한국산업인력공단
동영상콘텐츠,알고리즘,알고리즘4,3.알고리즘의 이해,2013-05-23,한국산업인력공단
동영상콘텐츠,알고리즘,알고리즘5,4.응용 알고리즘,2013-05-23,한국산업인력공단
동영상콘텐츠,알고리즘,알고리즘6,"5.병합정렬, 선형, 이분검색",2013-05-23,한국산업인력공단
동영상콘텐츠,알고리즘,알고리즘7,6.피보나치 수열,2013-05-23,한국산업인력공단
동영상콘텐츠,알고리즘,알고리즘8,"7.소수, 수열누적, 배열에 수",2013-05-23,한국산업인력공단
동영상콘텐츠,알고리즘,알고리즘9,8.실무 알고리즘,2013-05-23,한국산업인력공단
동영상콘텐츠,알고리즘,알고리즘10,9.계산 알고리즘,2013-05-23,한국산업인력공단
동영상콘텐츠,자동차 보수도장,자동차 보수도장1,01.제1-1강 하도공정,2013-04-30,한국산업인력공단
동영상콘텐츠,자동차 보수도장,자동차 보수도장2,02.제1-2강 하도공정,2013-04-30,한국산업인력공단
동영상콘텐츠,자동차 보수도장,자동차 보수도장3,03.제2-1강 중도공정,2013-04-30,한국산업인력공단
동영상콘텐츠,자동차 보수도장,자동차 보수도장4,04.제2-2강 중도공정,2013-04-30,한국산업인력공단
동영상콘텐츠,자동차 보수도장,자동차 보수도장5,05.제3강 마스킹 공정,2013-04-30,한국산업인력공단
동영상콘텐츠,자동차 보수도장,자동차 보수도장6,06.제4강 조색공정,2013-04-30,한국산업인력공단
동영상콘텐츠,자동차 보수도장,자동차 보수도장7,07.제5-1강 상도공정,2013-04-30,한국산업인력공단
동영상콘텐츠,자동차 보수도장,자동차 보수도장8,08.제5-2강 상도공정,2013-04-30,한국산업인력공단
동영상콘텐츠,자동차 보수도장,자동차 보수도장9,09.제6강 폴리싱공정,2013-04-30,한국산업인력공단
훈련교재콘텐츠(e-book),산업응용, 오프셋인쇄,차시없음,2013-04-30,한국산업인력공단
훈련교재콘텐츠(e-book),기계,2D Auto CAD 2014,차시없음,2015-01-30,한국산업인력공단
훈련교재콘텐츠(e-book),기계,3D CAD,차시없음,2015-01-30,한국산업인력공단
훈련교재콘텐츠(e-book),기계,3D CAD(Inventor)실기,차시없음,2015-01-30,한국산업인력공단
훈련교재콘텐츠(e-book),산업디자인,3D CAD(Solidworks)실기,차시없음,2015-01-30,한국산업인력공단
훈련교재콘텐츠(e-book),산업디자인,3D 모델링 실무,차시없음,2015-01-30,한국산업인력공단
훈련교재콘텐츠(e-book),기계,CAD(Auto CAD)실기,차시없음,2015-01-30,한국산업인력공단
훈련교재콘텐츠(e-book),기계,CAD/CAM개론,차시없음,2015-01-30,한국산업인력공단
훈련교재콘텐츠(e-book),기계,Cimatron E를 이용한  Modeling&CAM실기,차시없음,2015-01-30,한국산업인력공단
훈련교재콘텐츠(e-book),기계,CNC 공작법,차시없음,2015-01-30,한국산업인력공단
훈련교재콘텐츠(e-book),기계,CNC공작법2015,차시없음,2015-01-30,한국산업인력공단
훈련교재콘텐츠(e-book),기계,CNC선반기초실기,차시없음,2015-01-30,한국산업인력공단
훈련교재콘텐츠(e-book),기계,CNC선반기초실기 -100L,차시없음,2015-01-30,한국산업인력공단
훈련교재콘텐츠(e-book),기계,CNC선반기초실기(FANUC),차시없음,2015-01-30,한국산업인력공단
훈련교재콘텐츠(e-book),기계,CNC선반기초실기(SYSTEM 100L),차시없음,2015-01-30,한국산업인력공단
훈련교재콘텐츠(e-book),기계,CNC선반응용실기,차시없음,2015-01-30,한국산업인력공단
훈련교재콘텐츠(e-book),기계,CNC선반응용실기 (SYSTEM 100L),차시없음,2015-01-30,한국산업인력공단
훈련교재콘텐츠(e-book),기계,CNC선반응용실기(FANUC),차시없음,2015-01-30,한국산업인력공단
훈련교재콘텐츠(e-book),기계,CNC선반응용실기-100L,차시없음,2015-01-30,한국산업인력공단
훈련교재콘텐츠(e-book),기계,CNC와이어컷방전가공기실기,차시없음,2015-01-30,한국산업인력공단
훈련교재콘텐츠(e-book),기계,CO2용접실기,차시없음,2015-01-30,한국산업인력공단
훈련교재콘텐츠(e-book),전기,Elect - CAD실기,차시없음,2015-01-30,한국산업인력공단
훈련교재콘텐츠(e-book),공통,English Laboratory,차시없음,2015-01-30,한국산업인력공단
훈련교재콘텐츠(e-book),전기,e캐드실기,차시없음,2015-01-30,한국산업인력공단
훈련교재콘텐츠(e-book),섬유,Fashion Illustration,차시없음,2015-01-30,한국산업인력공단
훈련교재콘텐츠(e-book),통신,NCS기반교재 구내통신 구축실무,차시없음,2015-01-30,한국산업인력공단
훈련교재콘텐츠(e-book),공통,New College English,차시없음,2015-01-30,한국산업인력공단
훈련교재콘텐츠(e-book),기계,NEW그린카,차시없음,2015-01-30,한국산업인력공단
훈련교재콘텐츠(e-book),전자,ORCAD 실기,차시없음,2015-01-30,한국산업인력공단
훈련교재콘텐츠(e-book),전자,OrCAD실기(16.X),차시없음,2015-01-30,한국산업인력공단
훈련교재콘텐츠(e-book),전자,ORCAD실기2015,차시없음,2015-01-30,한국산업인력공단
훈련교재콘텐츠(e-book),기계,PLC공압제어실기,차시없음,2015-01-30,한국산업인력공단
훈련교재콘텐츠(e-book),전기,PLC기초실기,차시없음,2015-01-30,한국산업인력공단
훈련교재콘텐츠(e-book),전기,PLC실기,차시없음,2015-01-30,한국산업인력공단
훈련교재콘텐츠(e-book),기계,PLC제어실기,차시없음,2015-01-30,한국산업인력공단
훈련교재콘텐츠(e-book),전자,RFID USN,차시없음,2015-01-30,한국산업인력공단
훈련교재콘텐츠(e-book),기계,Unigraphics NX CAM실기,차시없음,2015-01-30,한국산업인력공단
훈련교재콘텐츠(e-book),기계,Unigraphics NX MODELING실기,차시없음,2015-01-30,한국산업인력공단
훈련교재콘텐츠(e-book),기계,Unigraphics NX MOLD실기,차시없음,2015-01-30,한국산업인력공단
훈련교재콘텐츠(e-book),공예,가구제작실기,차시없음,2015-01-30,한국산업인력공단
훈련교재콘텐츠(e-book),기계,가스메탈아크용접실기,차시없음,2015-01-30,한국산업인력공단
훈련교재콘텐츠(e-book),기계,가스용접실기,차시없음,2015-01-30,한국산업인력공단
훈련교재콘텐츠(e-book),기계,가스텅스텐아크용접실기,차시없음,2015-01-30,한국산업인력공단
훈련교재콘텐츠(e-book),기계,가스텅스텐용접실기,차시없음,2015-01-30,한국산업인력공단
훈련교재콘텐츠(e-book),전자,가전기기제품수리실기,차시없음,2015-01-30,한국산업인력공단
훈련교재콘텐츠(e-book),건축,거푸집,차시없음,2015-01-30,한국산업인력공단
훈련교재콘텐츠(e-book),기계,"건설기계(토공,적하)",차시없음,2015-01-30,한국산업인력공단
훈련교재콘텐츠(e-book),기계,건설기계차체,차시없음,2015-01-30,한국산업인력공단
훈련교재콘텐츠(e-book),기계,건설기계차체정비 실기,차시없음,2015-01-30,한국산업인력공단
훈련교재콘텐츠(e-book),기계,건설기계-토공 적하,차시없음,2015-01-30,한국산업인력공단
훈련교재콘텐츠(e-book),건축,건축기초실기,차시없음,2015-01-30,한국산업인력공단
훈련교재콘텐츠(e-book),건축,건축도장,차시없음,2015-01-30,한국산업인력공단
훈련교재콘텐츠(e-book),건축,건축배관,차시없음,2015-01-30,한국산업인력공단
훈련교재콘텐츠(e-book),건축,건축시공,차시없음,2015-01-30,한국산업인력공단
훈련교재콘텐츠(e-book),건축,"건축시공 -조적,미장,타일,방수",차시없음,2015-01-30,한국산업인력공단
훈련교재콘텐츠(e-book),건축,건축일반,차시없음,2015-01-30,한국산업인력공단
훈련교재콘텐츠(e-book),산업디자인,게임 그래픽스,차시없음,2015-01-30,한국산업인력공단
훈련교재콘텐츠(e-book),전기,계장제어공학,차시없음,2015-01-30,한국산업인력공단
훈련교재콘텐츠(e-book),기계,고압가스화학,차시없음,2015-01-30,한국산업인력공단
훈련교재콘텐츠(e-book),산업디자인,공공디자인실무 -Public Design Practice,차시없음,2015-01-30,한국산업인력공단
훈련교재콘텐츠(e-book),기계,공기조화설비실기,차시없음,2015-01-30,한국산업인력공단
훈련교재콘텐츠(e-book),기계,공업계측제어,차시없음,2015-01-30,한국산업인력공단
훈련교재콘텐츠(e-book),기계,공업계측제어실기,차시없음,2015-01-30,한국산업인력공단
훈련교재콘텐츠(e-book),기계,공업배관설비,차시없음,2015-01-30,한국산업인력공단
훈련교재콘텐츠(e-book),기계,공업배관설비실기,차시없음,2015-01-30,한국산업인력공단
훈련교재콘텐츠(e-book),공통,공업수학,차시없음,2015-01-30,한국산업인력공단
훈련교재콘텐츠(e-book),공통,공업영어,차시없음,2015-01-30,한국산업인력공단
훈련교재콘텐츠(e-book),공예,공예일반,차시없음,2015-01-30,한국산업인력공단
훈련교재콘텐츠(e-book),기계,공유압,차시없음,2015-01-30,한국산업인력공단
훈련교재콘텐츠(e-book),기계,공유압제어실기,차시없음,2015-01-30,한국산업인력공단
훈련교재콘텐츠(e-book),기계,공작기계실기,차시없음,2015-01-30,한국산업인력공단
훈련교재콘텐츠(e-book),기계,공차론,차시없음,2015-01-30,한국산업인력공단
훈련교재콘텐츠(e-book),통신,교환시스템구축,차시없음,2015-01-30,한국산업인력공단
훈련교재콘텐츠(e-book),통신,구내통신구축실무,차시없음,2015-01-30,한국산업인력공단
훈련교재콘텐츠(e-book),기계,굴삭기운전실기,차시없음,2015-01-30,한국산업인력공단
훈련교재콘텐츠(e-book),공예,귀금속가공,차시없음,2015-01-30,한국산업인력공단
훈련교재콘텐츠(e-book),공예,귀금속공예실기,차시없음,2015-01-30,한국산업인력공단
훈련교재콘텐츠(e-book),공예,귀금속디자인,차시없음,2015-01-30,한국산업인력공단
훈련교재콘텐츠(e-book),공예,귀금속재료,차시없음,2015-01-30,한국산업인력공단
훈련교재콘텐츠(e-book),공예,귀금속정밀주조실기,차시없음,2015-01-30,한국산업인력공단
훈련교재콘텐츠(e-book),공통,근로자작업환경관리,차시없음,2015-01-30,한국산업인력공단
훈련교재콘텐츠(e-book),기계,금속가공실기,차시없음,2015-01-30,한국산업인력공단
훈련교재콘텐츠(e-book),금속,금속강도학,차시없음,2015-01-30,한국산업인력공단
훈련교재콘텐츠(e-book),공예,금속도장,차시없음,2015-01-30,한국산업인력공단
훈련교재콘텐츠(e-book),공예,금속도장실기,차시없음,2015-01-30,한국산업인력공단
훈련교재콘텐츠(e-book),금속,금속시뮬레이션,차시없음,2015-01-30,한국산업인력공단
훈련교재콘텐츠(e-book),금속,금속열역학,차시없음,2015-01-30,한국산업인력공단
훈련교재콘텐츠(e-book),금속,금속열처리,차시없음,2015-01-30,한국산업인력공단
훈련교재콘텐츠(e-book),금속,금속열처리실무,차시없음,2015-01-30,한국산업인력공단
훈련교재콘텐츠(e-book),금속,금속재료,차시없음,2015-01-30,한국산업인력공단
훈련교재콘텐츠(e-book),금속,금속조직시험실기,차시없음,2015-01-30,한국산업인력공단
훈련교재콘텐츠(e-book),금속,금속조직학,차시없음,2015-01-30,한국산업인력공단
훈련교재콘텐츠(e-book),기계,금형공작법,차시없음,2015-01-30,한국산업인력공단
훈련교재콘텐츠(e-book),기계,급배수 및 위생기구설치 실기,차시없음,2015-01-30,한국산업인력공단
훈련교재콘텐츠(e-book),기계,기계가공응용실기,차시없음,2015-01-30,한국산업인력공단
훈련교재콘텐츠(e-book),기계,기계공작법,차시없음,2015-01-30,한국산업인력공단
훈련교재콘텐츠(e-book),기계,기계요소설계,차시없음,2015-01-30,한국산업인력공단
훈련교재콘텐츠(e-book),공예,기계자수공예실기,차시없음,2015-01-30,한국산업인력공단
훈련교재콘텐츠(e-book),기계,기계재료,차시없음,2015-01-30,한국산업인력공단
훈련교재콘텐츠(e-book),기계,기계재료2015,차시없음,2015-01-30,한국산업인력공단
훈련교재콘텐츠(e-book),기계,기계전기전자기초실기,차시없음,2015-01-30,한국산업인력공단
훈련교재콘텐츠(e-book),기계,기계제도,차시없음,2015-01-30,한국산업인력공단
훈련교재콘텐츠(e-book),기계,기계제도실기,차시없음,2015-01-30,한국산업인력공단
훈련교재콘텐츠(e-book),기계,기계제어공학,차시없음,2015-01-30,한국산업인력공단
훈련교재콘텐츠(e-book),기계,기계제작법,차시없음,2015-01-30,한국산업인력공단
훈련교재콘텐츠(e-book),기계,기계조립가공실기,차시없음,2015-01-30,한국산업인력공단
훈련교재콘텐츠(e-book),기계,기구학,차시없음,2015-01-30,한국산업인력공단
훈련교재콘텐츠(e-book),기계,기초공업화학,차시없음,2015-01-30,한국산업인력공단
훈련교재콘텐츠(e-book),공통,기초공학,차시없음,2015-01-30,한국산업인력공단
훈련교재콘텐츠(e-book),공통,기초공학2015,차시없음,2015-01-30,한국산업인력공단
훈련교재콘텐츠(e-book),통신,기초에서 응용까지 안드로이드 스마트폰 프로그래밍,차시없음,2015-01-30,한국산업인력공단
훈련교재콘텐츠(e-book),섬유,기초재봉실기,차시없음,2015-01-30,한국산업인력공단
훈련교재콘텐츠(e-book),전자,기초전자실기,차시없음,2015-01-30,한국산업인력공단
훈련교재콘텐츠(e-book),공예,나전칠기실기,차시없음,2015-01-30,한국산업인력공단
훈련교재콘텐츠(e-book),공예,나전칠기이론,차시없음,2015-01-30,한국산업인력공단
훈련교재콘텐츠(e-book),섬유,날염학,차시없음,2015-01-30,한국산업인력공단
훈련교재콘텐츠(e-book),기계,냉동기계,차시없음,2015-01-30,한국산업인력공단
훈련교재콘텐츠(e-book),기계,냉동기계실기,차시없음,2015-01-30,한국산업인력공단
훈련교재콘텐츠(e-book),통신,네트워크구축실기,차시없음,2015-01-30,한국산업인력공단
훈련교재콘텐츠(e-book),기계,농업기계정비,차시없음,2015-01-30,한국산업인력공단
훈련교재콘텐츠(e-book),기계,뉴그린카,차시없음,2015-01-30,한국산업인력공단
훈련교재콘텐츠(e-book),공예,다이아몬드,차시없음,2015-01-30,한국산업인력공단
훈련교재콘텐츠(e-book),공예,다이아몬드 감정,차시없음,2015-01-30,한국산업인력공단
훈련교재콘텐츠(e-book),건축,도배실무,차시없음,2015-01-30,한국산업인력공단
훈련교재콘텐츠(e-book),건축,도배실무 이론,차시없음,2015-01-30,한국산업인력공단
훈련교재콘텐츠(e-book),공예,도자기공예,차시없음,2015-01-30,한국산업인력공단
훈련교재콘텐츠(e-book),공예,도자기공예실기,차시없음,2015-01-30,한국산업인력공단
훈련교재콘텐츠(e-book),산업디자인,디자인 기초실기,차시없음,2015-01-30,한국산업인력공단
훈련교재콘텐츠(e-book),산업디자인,디자인 기초표현실기,차시없음,2015-01-30,한국산업인력공단
훈련교재콘텐츠(e-book),산업디자인,디자인개론,차시없음,2015-01-30,한국산업인력공단
훈련교재콘텐츠(e-book),산업디자인,디자인개론2015,차시없음,2015-01-30,한국산업인력공단
훈련교재콘텐츠(e-book),산업디자인,디자인기초표현실기,차시없음,2015-01-30,한국산업인력공단
훈련교재콘텐츠(e-book),산업디자인,디자인아이디어발상,차시없음,2015-01-30,한국산업인력공단
훈련교재콘텐츠(e-book),산업디자인,디자인제도및응용,차시없음,2015-01-30,한국산업인력공단
훈련교재콘텐츠(e-book),전자,디지털 회로 실기,차시없음,2015-01-30,한국산업인력공단
훈련교재콘텐츠(e-book),전자,디지털공학,차시없음,2015-01-30,한국산업인력공단
훈련교재콘텐츠(e-book),통신,디지털멀티미디어,차시없음,2015-01-30,한국산업인력공단
훈련교재콘텐츠(e-book),전자,디지털회로실기,차시없음,2015-01-30,한국산업인력공단
훈련교재콘텐츠(e-book),기계,로봇용접실기,차시없음,2015-01-30,한국산업인력공단
훈련교재콘텐츠(e-book),전자,마이크로프로세서실기,차시없음,2015-01-30,한국산업인력공단
훈련교재콘텐츠(e-book),기계,머시닝센터 기초실기,차시없음,2015-01-30,한국산업인력공단
훈련교재콘텐츠(e-book),기계,머시닝센터기초실기(FANUC),차시없음,2015-01-30,한국산업인력공단
훈련교재콘텐츠(e-book),기계,머시닝센터기초실기(SYSTEM 100M),차시없음,2015-01-30,한국산업인력공단
훈련교재콘텐츠(e-book),기계,머시닝센터응용실기,차시없음,2015-01-30,한국산업인력공단
훈련교재콘텐츠(e-book),기계,머시닝센터응용실기(FANUC),차시없음,2015-01-30,한국산업인력공단
훈련교재콘텐츠(e-book),기계,머시닝센터응용실기(SYSTEM 100M),차시없음,2015-01-30,한국산업인력공단
훈련교재콘텐츠(e-book),산업디자인,모델링,차시없음,2015-01-30,한국산업인력공단
훈련교재콘텐츠(e-book),산업디자인,모델링이론,차시없음,2015-01-30,한국산업인력공단
훈련교재콘텐츠(e-book),산업디자인,모형제작실기,차시없음,2015-01-30,한국산업인력공단
훈련교재콘텐츠(e-book),공예,목공예실기,차시없음,2015-01-30,한국산업인력공단
훈련교재콘텐츠(e-book),건축,목재가공,차시없음,2015-01-30,한국산업인력공단
훈련교재콘텐츠(e-book),건축,목재가공실기,차시없음,2015-01-30,한국산업인력공단
훈련교재콘텐츠(e-book),공예,목재료및공작,차시없음,2015-01-30,한국산업인력공단
훈련교재콘텐츠(e-book),통신,무선통신시스템,차시없음,2015-01-30,한국산업인력공단
훈련교재콘텐츠(e-book),위생,미용실기,차시없음,2015-01-30,한국산업인력공단
훈련교재콘텐츠(e-book),금속,반도체표면처리,차시없음,2015-01-30,한국산업인력공단
훈련교재콘텐츠(e-book),금속,반도체표면처리실기,차시없음,2015-01-30,한국산업인력공단
훈련교재콘텐츠(e-book),섬유,방적,차시없음,2015-01-30,한국산업인력공단
훈련교재콘텐츠(e-book),섬유,방적실기,차시없음,2015-01-30,한국산업인력공단
훈련교재콘텐츠(e-book),기계,배관공작실기,차시없음,2015-01-30,한국산업인력공단
훈련교재콘텐츠(e-book),기계,배관설비공학,차시없음,2015-01-30,한국산업인력공단
훈련교재콘텐츠(e-book),공예,보석,차시없음,2015-01-30,한국산업인력공단
훈련교재콘텐츠(e-book),공예,보석가공,차시없음,2015-01-30,한국산업인력공단
훈련교재콘텐츠(e-book),공예,보석가공실기,차시없음,2015-01-30,한국산업인력공단
훈련교재콘텐츠(e-book),공예,보석감별 -보석학 일반 및 보석 감별법,차시없음,2015-01-30,한국산업인력공단
훈련교재콘텐츠(e-book),기계,보일러 및 용기제작실기,차시없음,2015-01-30,한국산업인력공단
훈련교재콘텐츠(e-book),기계,보일러설비실기,차시없음,2015-01-30,한국산업인력공단
훈련교재콘텐츠(e-book),공통,비서사무실무,차시없음,2015-01-30,한국산업인력공단
훈련교재콘텐츠(e-book),공통,비즈니스매너,차시없음,2015-01-30,한국산업인력공단
훈련교재콘텐츠(e-book),금속,비파괴검사1,차시없음,2015-01-30,한국산업인력공단
훈련교재콘텐츠(e-book),금속,비파괴검사2,차시없음,2015-01-30,한국산업인력공단
훈련교재콘텐츠(e-book),기계,사출금형,차시없음,2015-01-30,한국산업인력공단
훈련교재콘텐츠(e-book),기계,사출금형설계제작실기,차시없음,2015-01-30,한국산업인력공단
훈련교재콘텐츠(e-book),기계,사출금형이론,차시없음,2015-01-30,한국산업인력공단
훈련교재콘텐츠(e-book),공통,산업 및 조직 심리학,차시없음,2015-01-30,한국산업인력공단
훈련교재콘텐츠(e-book),기계,산업기계정비,차시없음,2015-01-30,한국산업인력공단
훈련교재콘텐츠(e-book),기계,산업기계정비실기,차시없음,2015-01-30,한국산업인력공단
훈련교재콘텐츠(e-book),공통,산업및조직심리학,차시없음,2015-01-30,한국산업인력공단
훈련교재콘텐츠(e-book),공통,산업보건관리,차시없음,2015-01-30,한국산업인력공단
훈련교재콘텐츠(e-book),기계,산업전기전자,차시없음,2015-01-30,한국산업인력공단
훈련교재콘텐츠(e-book),산업디자인,색채학,차시없음,2015-01-30,한국산업인력공단
훈련교재콘텐츠(e-book),기계,서브머지드아크용접실기,차시없음,2015-01-30,한국산업인력공단
훈련교재콘텐츠(e-book),섬유,서양복식문화사,차시없음,2015-01-30,한국산업인력공단
훈련교재콘텐츠(e-book),공예,석공예실기,차시없음,2015-01-30,한국산업인력공단
훈련교재콘텐츠(e-book),공예,석공예이론,차시없음,2015-01-30,한국산업인력공단
훈련교재콘텐츠(e-book),조선,선박기관정비,차시없음,2015-01-30,한국산업인력공단
훈련교재콘텐츠(e-book),조선,선박기관정비실기,차시없음,2015-01-30,한국산업인력공단
훈련교재콘텐츠(e-book),조선,선박보조기계,차시없음,2015-01-30,한국산업인력공단
훈련교재콘텐츠(e-book),기계,설비관리,차시없음,2015-01-30,한국산업인력공단
훈련교재콘텐츠(e-book),공통,설비예방관리,차시없음,2015-01-30,한국산업인력공단
훈련교재콘텐츠(e-book),공통,설비예방관리(TPM),차시없음,2015-01-30,한국산업인력공단
훈련교재콘텐츠(e-book),기계,설비진단,차시없음,2015-01-30,한국산업인력공단
훈련교재콘텐츠(e-book),기계,설비진단실기,차시없음,2015-01-30,한국산업인력공단
훈련교재콘텐츠(e-book),섬유,섬유가공,차시없음,2015-01-30,한국산업인력공단
훈련교재콘텐츠(e-book),섬유,섬유시험실기,차시없음,2015-01-30,한국산업인력공단
훈련교재콘텐츠(e-book),섬유,섬유염색가공실기,차시없음,2015-01-30,한국산업인력공단
훈련교재콘텐츠(e-book),섬유,섬유재료,차시없음,2015-01-30,한국산업인력공단
훈련교재콘텐츠(e-book),섬유,섬유제품공정실무,차시없음,2015-01-30,한국산업인력공단
훈련교재콘텐츠(e-book),섬유,섬유화학,차시없음,2015-01-30,한국산업인력공단
훈련교재콘텐츠(e-book),전기,센서공학,차시없음,2015-01-30,한국산업인력공단
훈련교재콘텐츠(e-book),기계,소화설비실기,차시없음,2015-01-30,한국산업인력공단
훈련교재콘텐츠(e-book),공예,수자수공예실기,차시없음,2015-01-30,한국산업인력공단
훈련교재콘텐츠(e-book),기계,수중용접 절단,차시없음,2015-01-30,한국산업인력공단
훈련교재콘텐츠(e-book),공통,쉽게알자!엑셀파워포인트2007,차시없음,2015-01-30,한국산업인력공단
훈련교재콘텐츠(e-book),공통,쉽고빠르게 엑셀 파워포인트배우기(2003버전),차시없음,2015-01-30,한국산업인력공단
훈련교재콘텐츠(e-book),공통,쉽고빠르게 인터넷 한글 배우기,차시없음,2015-01-30,한국산업인력공단
훈련교재콘텐츠(e-book),공통,스마트경쟁시대의 생산경영,차시없음,2015-01-30,한국산업인력공단
훈련교재콘텐츠(e-book),통신,스마트폰 애플리케이션 기획 및 개발,차시없음,2015-01-30,한국산업인력공단
훈련교재콘텐츠(e-book),산업응용,스크린인쇄,차시없음,2015-01-30,한국산업인력공단
훈련교재콘텐츠(e-book),전기,시퀀스제어실기,차시없음,2015-01-30,한국산업인력공단
훈련교재콘텐츠(e-book),전기,시퀀스제어실기2015,차시없음,2015-01-30,한국산업인력공단
훈련교재콘텐츠(e-book),전기,신재생에너지,차시없음,2015-01-30,한국산업인력공단
훈련교재콘텐츠(e-book),전기,신재생에너지 실기,차시없음,2015-01-30,한국산업인력공단
훈련교재콘텐츠(e-book),건축,실내건축설계실기,차시없음,2015-01-30,한국산업인력공단
훈련교재콘텐츠(e-book),산업디자인,실내디자인 일반,차시없음,2015-01-30,한국산업인력공단
훈련교재콘텐츠(e-book),기계,실습도면으로 쉽게 따라 배우는 2D Auto CAD -2014 Ver,차시없음,2015-01-30,한국산업인력공단
훈련교재콘텐츠(e-book),전자,아두이노를 이용한 마이크로프로세서,차시없음,2015-01-30,한국산업인력공단
훈련교재콘텐츠(e-book),전자,아두이노를 이용한 마이크로프로세서 실기,차시없음,2015-01-30,한국산업인력공단
훈련교재콘텐츠(e-book),산업응용,악기이론,차시없음,2015-01-30,한국산업인력공단
훈련교재콘텐츠(e-book),산업응용,악기조정,차시없음,2015-01-30,한국산업인력공단
훈련교재콘텐츠(e-book),산업응용,악기조정이론,차시없음,2015-01-30,한국산업인력공단
훈련교재콘텐츠(e-book),통신,안드로이드스마트폰프로그래밍,차시없음,2015-01-30,한국산업인력공단
훈련교재콘텐츠(e-book),섬유,양복실기,차시없음,2015-01-30,한국산업인력공단
훈련교재콘텐츠(e-book),음식료품,양식조리실기,차시없음,2015-01-30,한국산업인력공단
훈련교재콘텐츠(e-book),기계,에너지 설비,차시없음,2015-01-30,한국산업인력공단
훈련교재콘텐츠(e-book),기계,열역학,차시없음,2015-01-30,한국산업인력공단
훈련교재콘텐츠(e-book),금속,열처리실기,차시없음,2015-01-30,한국산업인력공단
훈련교재콘텐츠(e-book),섬유,염색시험실기,차시없음,2015-01-30,한국산업인력공단
훈련교재콘텐츠(e-book),섬유,염색학,차시없음,2015-01-30,한국산업인력공단
훈련교재콘텐츠(e-book),산업응용,오프셋인쇄,차시없음,2015-01-30,한국산업인력공단
훈련교재콘텐츠(e-book),산업응용,오프셋인쇄실기,차시없음,2015-01-30,한국산업인력공단
훈련교재콘텐츠(e-book),건축,온수온돌,차시없음,2015-01-30,한국산업인력공단
훈련교재콘텐츠(e-book),건축,온수온돌실기,차시없음,2015-01-30,한국산업인력공단
훈련교재콘텐츠(e-book),기계,용접공학실험실기,차시없음,2015-01-30,한국산업인력공단
훈련교재콘텐츠(e-book),기계,용접설계시공,차시없음,2015-01-30,한국산업인력공단
훈련교재콘텐츠(e-book),기계,용접일반,차시없음,2015-01-30,한국산업인력공단
훈련교재콘텐츠(e-book),공통,원가관리,차시없음,2015-01-30,한국산업인력공단
훈련교재콘텐츠(e-book),금속,원형제작,차시없음,2015-01-30,한국산업인력공단
훈련교재콘텐츠(e-book),금속,원형제작실기,차시없음,2015-01-30,한국산업인력공단
훈련교재콘텐츠(e-book),기계,유체역학,차시없음,2015-01-30,한국산업인력공단
훈련교재콘텐츠(e-book),섬유,의류상품학,차시없음,2015-01-30,한국산업인력공단
훈련교재콘텐츠(e-book),섬유,의복구성,차시없음,2015-01-30,한국산업인력공단
훈련교재콘텐츠(e-book),섬유,의복구성실기,차시없음,2015-01-30,한국산업인력공단
훈련교재콘텐츠(e-book),섬유,의복설계를위한 체형학,차시없음,2015-01-30,한국산업인력공단
훈련교재콘텐츠(e-book),위생,이용실기,차시없음,2015-01-30,한국산업인력공단
훈련교재콘텐츠(e-book),산업응용,인쇄일반,차시없음,2015-01-30,한국산업인력공단
훈련교재콘텐츠(e-book),산업응용,인쇄재료,차시없음,2015-01-30,한국산업인력공단
훈련교재콘텐츠(e-book),음식료품,일식조리실기,차시없음,2015-01-30,한국산업인력공단
훈련교재콘텐츠(e-book),전기,자동제어공학,차시없음,2015-01-30,한국산업인력공단
훈련교재콘텐츠(e-book),전기,자동제어실기,차시없음,2015-01-30,한국산업인력공단
훈련교재콘텐츠(e-book),기계,자동차 전기전자장치 실기,차시없음,2015-01-30,한국산업인력공단
훈련교재콘텐츠(e-book),기계,자동차기관,차시없음,2015-01-30,한국산업인력공단
훈련교재콘텐츠(e-book),기계,자동차기관실기,차시없음,2015-01-30,한국산업인력공단
훈련교재콘텐츠(e-book),기계,자동차도장실기,차시없음,2015-01-30,한국산업인력공단
훈련교재콘텐츠(e-book),기계,자동차새시,차시없음,2015-01-30,한국산업인력공단
훈련교재콘텐츠(e-book),기계,자동차섀시실기,차시없음,2015-01-30,한국산업인력공단
훈련교재콘텐츠(e-book),기계,자동차전기전자장치,차시없음,2015-01-30,한국산업인력공단
훈련교재콘텐츠(e-book),기계,자동차전기전자장치실기,차시없음,2015-01-30,한국산업인력공단
훈련교재콘텐츠(e-book),기계,자동차전기전자장치이론,차시없음,2015-01-30,한국산업인력공단
훈련교재콘텐츠(e-book),기계,자동차정비사업 경영관리,차시없음,2015-01-30,한국산업인력공단
훈련교재콘텐츠(e-book),기계,자동차정비사업 현장관리,차시없음,2015-01-30,한국산업인력공단
훈련교재콘텐츠(e-book),기계,자동차차체정비실기,차시없음,2015-01-30,한국산업인력공단
훈련교재콘텐츠(e-book),기계,자동화시스템 제어,차시없음,2015-01-30,한국산업인력공단
훈련교재콘텐츠(e-book),기계,자동화시스템 제어실기,차시없음,2015-01-30,한국산업인력공단
훈련교재콘텐츠(e-book),기계,자동화시스템 제어이론,차시없음,2015-01-30,한국산업인력공단
훈련교재콘텐츠(e-book),공예,자수공예이론,차시없음,2015-01-30,한국산업인력공단
훈련교재콘텐츠(e-book),공통,작업관리,차시없음,2015-01-30,한국산업인력공단
훈련교재콘텐츠(e-book),기계,잠수실기,차시없음,2015-01-30,한국산업인력공단
훈련교재콘텐츠(e-book),기계,잠수일반,차시없음,2015-01-30,한국산업인력공단
훈련교재콘텐츠(e-book),금속,재료시험,차시없음,2015-01-30,한국산업인력공단
훈련교재콘텐츠(e-book),기계,재료역학,차시없음,2015-01-30,한국산업인력공단
훈련교재콘텐츠(e-book),기계,전개도 실기,차시없음,2015-01-30,한국산업인력공단
훈련교재콘텐츠(e-book),전기,전기기기,차시없음,2015-01-30,한국산업인력공단
훈련교재콘텐츠(e-book),전기,전기기기2015,차시없음,2015-01-30,한국산업인력공단
훈련교재콘텐츠(e-book),전기,전기기기실기,차시없음,2015-01-30,한국산업인력공단
훈련교재콘텐츠(e-book),전기,전기기초실기,차시없음,2015-01-30,한국산업인력공단
훈련교재콘텐츠(e-book),전기,전기기초실기2015,차시없음,2015-01-30,한국산업인력공단
훈련교재콘텐츠(e-book),전기,전기내선공사실기,차시없음,2015-01-30,한국산업인력공단
훈련교재콘텐츠(e-book),금속,전기도금,차시없음,2015-01-30,한국산업인력공단
훈련교재콘텐츠(e-book),전기,전기설비,차시없음,2015-01-30,한국산업인력공단
훈련교재콘텐츠(e-book),전기,전기외선공사실기,차시없음,2015-01-30,한국산업인력공단
훈련교재콘텐츠(e-book),전기,전기응용,차시없음,2015-01-30,한국산업인력공단
훈련교재콘텐츠(e-book),전기,전기이론,차시없음,2015-01-30,한국산업인력공단
훈련교재콘텐츠(e-book),전기,전기자기,차시없음,2015-01-30,한국산업인력공단
훈련교재콘텐츠(e-book),전기,전력,차시없음,2015-01-30,한국산업인력공단
훈련교재콘텐츠(e-book),전기,전력전자,차시없음,2015-01-30,한국산업인력공단
훈련교재콘텐츠(e-book),전기,전력전자실기,차시없음,2015-01-30,한국산업인력공단
훈련교재콘텐츠(e-book),기계,전산응용가공,차시없음,2015-01-30,한국산업인력공단
훈련교재콘텐츠(e-book),전자,전자공학,차시없음,2015-01-30,한국산업인력공단
훈련교재콘텐츠(e-book),전자,전자응용,차시없음,2015-01-30,한국산업인력공단
훈련교재콘텐츠(e-book),기계,전자제어기관,차시없음,2015-01-30,한국산업인력공단
훈련교재콘텐츠(e-book),기계,전자제어섀시,차시없음,2015-01-30,한국산업인력공단
훈련교재콘텐츠(e-book),산업응용,전자출판,차시없음,2015-01-30,한국산업인력공단
훈련교재콘텐츠(e-book),전자,전자회로실기,차시없음,2015-01-30,한국산업인력공단
훈련교재콘텐츠(e-book),전자,전자회로실기2015,차시없음,2015-01-30,한국산업인력공단
훈련교재콘텐츠(e-book),기계,절단가공 및 변형교정실기,차시없음,2015-01-30,한국산업인력공단
훈련교재콘텐츠(e-book),금속,정밀주조실기,차시없음,2015-01-30,한국산업인력공단
훈련교재콘텐츠(e-book),기계,정밀측정,차시없음,2015-01-30,한국산업인력공단
훈련교재콘텐츠(e-book),기계,정밀측정실기,차시없음,2015-01-30,한국산업인력공단
훈련교재콘텐츠(e-book),통신,정보통신선로설비,차시없음,2015-01-30,한국산업인력공단
훈련교재콘텐츠(e-book),통신,정보통신시스템,차시없음,2015-01-30,한국산업인력공단
훈련교재콘텐츠(e-book),통신,정보통신일반,차시없음,2015-01-30,한국산업인력공단
훈련교재콘텐츠(e-book),통신,정보통신일반2015,차시없음,2015-01-30,한국산업인력공단
훈련교재콘텐츠(e-book),음식료품,제과 실기 -국가직무능력 활용,차시없음,2015-01-30,한국산업인력공단
훈련교재콘텐츠(e-book),음식료품,제과 실기,차시없음,2015-01-30,한국산업인력공단
훈련교재콘텐츠(e-book),음식료품,제과제빵,차시없음,2015-01-30,한국산업인력공단
훈련교재콘텐츠(e-book),기계,제관철골구조실기,차시없음,2015-01-30,한국산업인력공단
훈련교재콘텐츠(e-book),기계,제관철골구조일반,차시없음,2015-01-30,한국산업인력공단
훈련교재콘텐츠(e-book),음식료품,제빵 실기 -국가직무능력 활용,차시없음,2015-01-30,한국산업인력공단
훈련교재콘텐츠(e-book),음식료품,제빵 실기,차시없음,2015-01-30,한국산업인력공단
훈련교재콘텐츠(e-book),섬유,제직,차시없음,2015-01-30,한국산업인력공단
훈련교재콘텐츠(e-book),섬유,제직실기,차시없음,2015-01-30,한국산업인력공단
훈련교재콘텐츠(e-book),산업디자인,제품디자이너를 위한 IDEA발상,차시없음,2015-01-30,한국산업인력공단
훈련교재콘텐츠(e-book),음식료품,조리,차시없음,2015-01-30,한국산업인력공단
훈련교재콘텐츠(e-book),조선,조선공학일반이론,차시없음,2015-01-30,한국산업인력공단
훈련교재콘텐츠(e-book),위생,종합미용,차시없음,2015-01-30,한국산업인력공단
훈련교재콘텐츠(e-book),위생,종합이용,차시없음,2015-01-30,한국산업인력공단
훈련교재콘텐츠(e-book),공예,주얼리 디자인을 위한 CAD -Rhino 3D,차시없음,2015-01-30,한국산업인력공단
훈련교재콘텐츠(e-book),공예,주얼리디자인CAD,차시없음,2015-01-30,한국산업인력공단
훈련교재콘텐츠(e-book),금속,주조공학,차시없음,2015-01-30,한국산업인력공단
훈련교재콘텐츠(e-book),금속,주조실기,차시없음,2015-01-30,한국산업인력공단
훈련교재콘텐츠(e-book),공통,지식기반 경제사회을 위한 스토리 텔링 생산경영,차시없음,2015-01-30,한국산업인력공단
훈련교재콘텐츠(e-book),섬유,직물분해설계실기,차시없음,2015-01-30,한국산업인력공단
훈련교재콘텐츠(e-book),섬유,직조실기,차시없음,2015-01-30,한국산업인력공단
훈련교재콘텐츠(e-book),공통,창업 홀로서기,차시없음,2015-01-30,한국산업인력공단
훈련교재콘텐츠(e-book),건축,철근콘크리트,차시없음,2015-01-30,한국산업인력공단
훈련교재콘텐츠(e-book),공통,체육과 건강,차시없음,2015-01-30,한국산업인력공단
훈련교재콘텐츠(e-book),기계,치공구설계,차시없음,2015-01-30,한국산업인력공단
훈련교재콘텐츠(e-book),공예,칠보공예기초,차시없음,2015-01-30,한국산업인력공단
훈련교재콘텐츠(e-book),공예,칠보공예실기,차시없음,2015-01-30,한국산업인력공단
훈련교재콘텐츠(e-book),산업디자인,커뮤니케이션 디자인을 위한 디자인아이디어발상,차시없음,2015-01-30,한국산업인력공단
훈련교재콘텐츠(e-book),공통,컴맹도 따라하면 된다(기초 인터넷 한글),차시없음,2015-01-30,한국산업인력공단
훈련교재콘텐츠(e-book),공통,"컴맹도 따라하면 된다(엑셀,파워포인트)",차시없음,2015-01-30,한국산업인력공단
훈련교재콘텐츠(e-book),공통,컴퓨터,차시없음,2015-01-30,한국산업인력공단
훈련교재콘텐츠(e-book),산업디자인,컴퓨터개론그래픽스,차시없음,2015-01-30,한국산업인력공단
훈련교재콘텐츠(e-book),산업디자인,컴퓨터그래픽스 디자인 실기,차시없음,2015-01-30,한국산업인력공단
훈련교재콘텐츠(e-book),산업디자인,컴퓨터그래픽스개론,차시없음,2015-01-30,한국산업인력공단
훈련교재콘텐츠(e-book),기계,컴퓨터응용설계,차시없음,2015-01-30,한국산업인력공단
훈련교재콘텐츠(e-book),섬유,텍스타일프린팅 실기,차시없음,2015-01-30,한국산업인력공단
훈련교재콘텐츠(e-book),금속,특수도금,차시없음,2015-01-30,한국산업인력공단
훈련교재콘텐츠(e-book),기계,특수용접,차시없음,2015-01-30,한국산업인력공단
훈련교재콘텐츠(e-book),공통,특허법일반,차시없음,2015-01-30,한국산업인력공단
훈련교재콘텐츠(e-book),기계,판금공작일반,차시없음,2015-01-30,한국산업인력공단
훈련교재콘텐츠(e-book),기계,판금기초실기,차시없음,2015-01-30,한국산업인력공단
훈련교재콘텐츠(e-book),기계,판금제작실기,차시없음,2015-01-30,한국산업인력공단
훈련교재콘텐츠(e-book),섬유,패션디자인,차시없음,2015-01-30,한국산업인력공단
훈련교재콘텐츠(e-book),섬유,패션디자인 실기,차시없음,2015-01-30,한국산업인력공단
훈련교재콘텐츠(e-book),섬유,패션상품개발을위한 FASHION & COLOR,차시없음,2015-01-30,한국산업인력공단
훈련교재콘텐츠(e-book),섬유,패션일러스트레이션(Fashion Illustration)실기,차시없음,2015-01-30,한국산업인력공단
훈련교재콘텐츠(e-book),섬유,편물,차시없음,2015-01-30,한국산업인력공단
훈련교재콘텐츠(e-book),섬유,편물실기,차시없음,2015-01-30,한국산업인력공단
훈련교재콘텐츠(e-book),산업디자인,편집디자이너를 위한 Quark XPress 4.x,차시없음,2015-01-30,한국산업인력공단
훈련교재콘텐츠(e-book),금속,표면처리기초실기,차시없음,2015-01-30,한국산업인력공단
훈련교재콘텐츠(e-book),금속,표면처리실기,차시없음,2015-01-30,한국산업인력공단
훈련교재콘텐츠(e-book),금속,표면처리일반,차시없음,2015-01-30,한국산업인력공단
훈련교재콘텐츠(e-book),기계,프레스금형,차시없음,2015-01-30,한국산업인력공단
훈련교재콘텐츠(e-book),기계,프레스금형 실기,차시없음,2015-01-30,한국산업인력공단
훈련교재콘텐츠(e-book),기계,플랜트배관실무,차시없음,2015-01-30,한국산업인력공단
훈련교재콘텐츠(e-book),기계,피복아크용접실기,차시없음,2015-01-30,한국산업인력공단
훈련교재콘텐츠(e-book),위생,피부미용 실기,차시없음,2015-01-30,한국산업인력공단
훈련교재콘텐츠(e-book),산업응용,피아노제조실기,차시없음,2015-01-30,한국산업인력공단
훈련교재콘텐츠(e-book),산업응용,피아노조율실기,차시없음,2015-01-30,한국산업인력공단
훈련교재콘텐츠(e-book),공통,한국직업방송 소개,차시없음,2015-01-30,한국산업인력공단
훈련교재콘텐츠(e-book),섬유,한복개론,차시없음,2015-01-30,한국산업인력공단
훈련교재콘텐츠(e-book),섬유,한복실기,차시없음,2015-01-30,한국산업인력공단
훈련교재콘텐츠(e-book),음식료품,한식조리실기,차시없음,2015-01-30,한국산업인력공단
훈련교재콘텐츠(e-book),공통,현대사회의 직업생활,차시없음,2015-01-30,한국산업인력공단
훈련교재콘텐츠(e-book),기계,화공계측제어실기,차시없음,2015-01-30,한국산업인력공단
훈련교재콘텐츠(e-book),기계,화공열역학,차시없음,2015-01-30,한국산업인력공단
훈련교재콘텐츠(e-book),기계,화공제도실기,차시없음,2015-01-30,한국산업인력공단
훈련교재콘텐츠(e-book),기계,화학공정공업이론,차시없음,2015-01-30,한국산업인력공단
훈련교재콘텐츠(e-book),전기,회로이론,차시없음,2015-01-30,한국산업인력공단
훈련교재콘텐츠(PPT),기계,에너지설비(PPT),차시없음,2015-01-30,한국산업인력공단
훈련교재콘텐츠(PPT),산업디자인,컴퓨터그래픽스 개론(PPT),차시없음,2015-01-30,한국산업인력공단
훈련교재콘텐츠(PPT),통신,정보통신일반(PPT),차시없음,2015-01-30,한국산업인력공단
훈련교재콘텐츠(PPT),전자,전자회로실기(PPT),차시없음,2015-01-30,한국산업인력공단
훈련교재콘텐츠(PPT),전기,전기기초실기(PPT),차시없음,2015-01-30,한국산업인력공단
훈련교재콘텐츠(PPT),전기,전기기기(PPT),차시없음,2015-01-30,한국산업인력공단
훈련교재콘텐츠(PPT),전기,시퀀스제어실기(PPT),차시없음,2015-01-30,한국산업인력공단
훈련교재콘텐츠(PPT),공예,보석(PPT),차시없음,2015-01-30,한국산업인력공단
훈련교재콘텐츠(PPT),전자,마이크로프로세서 실기(PPT),차시없음,2015-01-30,한국산업인력공단
훈련교재콘텐츠(PPT),산업디자인,디자인기초표현실기(PPT),차시없음,2015-01-30,한국산업인력공단
훈련교재콘텐츠(PPT),산업디자인,디자인개론(PPT),차시없음,2015-01-30,한국산업인력공단
훈련교재콘텐츠(PPT),공예,다이아몬드(PPT),차시없음,2015-01-30,한국산업인력공단
훈련교재콘텐츠(PPT),공통,기초공학(PPT),차시없음,2015-01-30,한국산업인력공단
훈련교재콘텐츠(PPT),기계,기계재료(PPT),차시없음,2015-01-30,한국산업인력공단
훈련교재콘텐츠(PPT),전자,Or CAD 16.X(PPT),차시없음,2015-01-30,한국산업인력공단
훈련교재콘텐츠(PPT),기계,CNC공작법(PPT),차시없음,2015-01-30,한국산업인력공단
훈련교재콘텐츠(PPT),기계,피복아크용접실기(PPT),차시없음,2015-01-30,한국산업인력공단
훈련교재콘텐츠(PPT),공통,특허법일반(PPT),차시없음,2015-01-30,한국산업인력공단
훈련교재콘텐츠(PPT),전기,전기외선공사(PPT),차시없음,2015-01-30,한국산업인력공단
훈련교재콘텐츠(PPT),전기,전기내선공사실기(PPT),차시없음,2015-01-30,한국산업인력공단
훈련교재콘텐츠(PPT),공통,작업환경관리(PPT),차시없음,2015-01-30,한국산업인력공단
훈련교재콘텐츠(PPT),기계,자동차차제정비실기(PPT),차시없음,2015-01-30,한국산업인력공단
훈련교재콘텐츠(PPT),기계,자동차섀시실기(PPT),차시없음,2015-01-30,한국산업인력공단
훈련교재콘텐츠(PPT),기계,자동차도장실기(PPT),차시없음,2015-01-30,한국산업인력공단
훈련교재콘텐츠(PPT),기계,용접일반(PPT),차시없음,2015-01-30,한국산업인력공단
훈련교재콘텐츠(PPT),기계,신규_플랜트배관(PPT),차시없음,2015-01-30,한국산업인력공단
훈련교재콘텐츠(PPT),공통,산업보건관리(PPT),차시없음,2015-01-30,한국산업인력공단
훈련교재콘텐츠(PPT),기계,뉴그린카(PPT),차시없음,2015-01-30,한국산업인력공단
훈련교재콘텐츠(PPT),기계,기계제도이론(PPT),차시없음,2015-01-30,한국산업인력공단
훈련교재콘텐츠(PPT),금속,금속열처리실무(PPT),차시없음,2015-01-30,한국산업인력공단
훈련교재콘텐츠(PPT),통신,구내통신구축(PPT),차시없음,2015-01-30,한국산업인력공단
훈련교재콘텐츠(PPT),통신,교환시스템구축(PPT),차시없음,2015-01-30,한국산업인력공단
훈련교재콘텐츠(PPT),기계,가스텅스텐아크용접(PPT),차시없음,2015-01-30,한국산업인력공단
훈련교재콘텐츠(PPT),기계,가스메탈아크용접실기(PPT),차시없음,2015-01-30,한국산업인력공단
훈련교재콘텐츠(PPT),기계,CO₂용접실기(PPT),차시없음,2015-01-30,한국산업인력공단
훈련교재콘텐츠(PPT),공통,현대사회의 직업생활(PPT),차시없음,2015-01-30,한국산업인력공단
훈련교재콘텐츠(PPT),공통,창업 홀로서기(PPT),차시없음,2015-01-30,한국산업인력공단
훈련교재콘텐츠(PPT),공통,직장선택과 적응 노하우(PPT),차시없음,2015-01-30,한국산업인력공단
훈련교재콘텐츠(PPT),공통,지열(PPT),차시없음,2015-01-30,한국산업인력공단
훈련교재콘텐츠(PPT),위생,종합미용(PPT),차시없음,2015-01-30,한국산업인력공단
훈련교재콘텐츠(PPT),음식료품,제빵실기(PPT),차시없음,2015-01-30,한국산업인력공단
훈련교재콘텐츠(PPT),음식료품,제과실기(PPT),차시없음,2015-01-30,한국산업인력공단
훈련교재콘텐츠(PPT),통신,정보통신시스템(PPT),차시없음,2015-01-30,한국산업인력공단
훈련교재콘텐츠(PPT),통신,정보통신선로설비(PPT),차시없음,2015-01-30,한국산업인력공단
훈련교재콘텐츠(PPT),통신,정보통신 일반(PPT),차시없음,2015-01-30,한국산업인력공단
훈련교재콘텐츠(PPT),전기,전기설비 이론(PPT),차시없음,2015-01-30,한국산업인력공단
훈련교재콘텐츠(PPT),기계,자동차전기장치이론(PPT),차시없음,2015-01-30,한국산업인력공단
훈련교재콘텐츠(PPT),기계,자동차전기장치실기(PPT),차시없음,2015-01-30,한국산업인력공단
훈련교재콘텐츠(PPT),기계,자동차섀시(PPT),차시없음,2015-01-30,한국산업인력공단
훈련교재콘텐츠(PPT),기계,자동차기관실기(PPT),차시없음,2015-01-30,한국산업인력공단
훈련교재콘텐츠(PPT),기계,자동차기관(PPT),차시없음,2015-01-30,한국산업인력공단
훈련교재콘텐츠(PPT),기계,자동차 정비사업 현장관리(PPT),차시없음,2015-01-30,한국산업인력공단
훈련교재콘텐츠(PPT),기계,자동차 정비사업 경영관리(PPT),차시없음,2015-01-30,한국산업인력공단
훈련교재콘텐츠(PPT),통신,안드로이드스마트폰 프로그래밍(PPT),차시없음,2015-01-30,한국산업인력공단
훈련교재콘텐츠(PPT),기계,사출금형실기(PPT),차시없음,2015-01-30,한국산업인력공단
훈련교재콘텐츠(PPT),기계,사출금형(PPT),차시없음,2015-01-30,한국산업인력공단
훈련교재콘텐츠(PPT),금속,비파괴검사2(PPT),차시없음,2015-01-30,한국산업인력공단
훈련교재콘텐츠(PPT),금속,비파괴검사1(PPT),차시없음,2015-01-30,한국산업인력공단
훈련교재콘텐츠(PPT),공통,비즈니스 매너(PPT),차시없음,2015-01-30,한국산업인력공단
훈련교재콘텐츠(PPT),건축,도배실무(PPT),차시없음,2015-01-30,한국산업인력공단
훈련교재콘텐츠(PPT),통신,네트워크구축실기(PPT),차시없음,2015-01-30,한국산업인력공단
훈련교재콘텐츠(PPT),기계,기초전자실기(PPT),차시없음,2015-01-30,한국산업인력공단
훈련교재콘텐츠(PPT),공통,기초공학(PPT),차시없음,2015-01-30,한국산업인력공단
훈련교재콘텐츠(PPT),공통,기술경영 개론(PPT),차시없음,2015-01-30,한국산업인력공단
훈련교재콘텐츠(PPT),기계,기계요소설계(PPT),차시없음,2015-01-30,한국산업인력공단
훈련교재콘텐츠(PPT),산업디자인,공공디자인실무(PPT),차시없음,2015-01-30,한국산업인력공단
훈련교재콘텐츠(PPT),건축,건축시공(PPT),차시없음,2015-01-30,한국산업인력공단
훈련교재콘텐츠(PPT),기계,PLC실기(PPT),차시없음,2015-01-30,한국산업인력공단
훈련교재콘텐츠(PPT),기계,AutoCAD실기(PPT),차시없음,2015-01-30,한국산업인력공단
훈련교재콘텐츠(PPT),산업디자인,3D 모델링실무(PPT),차시없음,2015-01-30,한국산업인력공단
플래시동영상콘텐츠,기계,PLC실기(멀티미디어),차시없음,2015-01-30,한국산업인력공단
플래시동영상콘텐츠,전기,기초전자실기(멀티미디어),차시없음,2015-01-30,한국산업인력공단
플래시동영상콘텐츠,기계,용접일반(멀티미디어),차시없음,2015-01-30,한국산업인력공단
플래시동영상콘텐츠,기계,자동차섀시(멀티미디어),차시없음,2015-01-30,한국산업인력공단
플래시동영상콘텐츠,기계,자동차기관(멀티미디어),차시없음,2015-01-30,한국산업인력공단
플래시동영상콘텐츠,산업응용,응용SW엔지니어링(멀티미디어),차시없음,2015-01-30,한국산업인력공단
플래시동영상콘텐츠,공통,생산경영(멀티미디어),차시없음,2015-01-30,한국산업인력공단
플래시동영상콘텐츠,산업응용,SW제품기획(멀티미디어),차시없음,2015-01-30,한국산업인력공단
플래시동영상콘텐츠,기계,뉴그린카(멀티미디어),차시없음,2015-01-30,한국산업인력공단
플래시동영상콘텐츠,위생,두피모발관리(멀티미디어),차시없음,2015-01-30,한국산업인력공단
플래시동영상콘텐츠,공통,전략적인적자원관리(멀티미디어),차시없음,2015-01-30,한국산업인력공단
플래시동영상콘텐츠,통신,네트워크구축실기(멀티미디어),차시없음,2015-01-30,한국산업인력공단
플래시동영상콘텐츠,공통,직장선택과 적응노하우(멀티미디어),차시없음,2015-01-30,한국산업인력공단
